1,2,3,4,5,6,7,8,9,10,11,12,13,14,15,16,17,18,19,20,21,22,23,24,25,26,c
92,115,120,94,84,102,106,79,84,102,102,83,101,126,133,103,92,112,118,85,84,103,104,81,102,126,3
84,102,106,79,84,102,102,83,80,102,102,79,92,112,118,85,84,103,104,81,84,99,104,78,88,121,3
84,102,102,83,80,102,102,79,84,94,102,79,84,103,104,81,84,99,104,78,84,99,104,81,84,107,3
80,102,102,79,84,94,102,79,80,94,98,76,84,99,104,78,84,99,104,81,76,99,104,81,84,99,3
84,94,102,79,80,94,98,76,80,102,102,79,84,99,104,81,76,99,104,81,76,99,108,85,84,99,3
80,94,98,76,80,102,102,79,76,102,102,79,76,99,104,81,76,99,108,85,76,103,118,88,84,103,3
76,102,106,83,76,102,106,87,80,98,106,79,80,107,118,88,80,112,118,88,80,107,113,85,79,107,3
76,102,106,87,80,98,106,79,76,94,102,76,80,112,118,88,80,107,113,85,80,95,100,78,79,103,3
76,89,98,76,76,94,98,76,76,98,102,72,80,95,104,74,76,91,104,74,76,95,100,78,75,91,4
76,94,98,76,76,98,102,72,76,94,90,76,76,91,104,74,76,95,100,78,76,91,100,74,75,91,4
76,98,102,72,76,94,90,76,76,89,94,76,76,95,100,78,76,91,100,74,76,87,100,74,79,87,4
72,94,90,72,72,89,94,76,72,89,98,76,76,87,91,74,76,87,91,67,71,87,87,70,75,91,4
72,89,94,76,72,89,98,76,76,94,98,76,76,87,91,67,71,87,87,70,71,83,87,67,75,87,4
76,94,98,76,72,85,90,72,68,85,94,72,71,83,87,67,68,83,87,67,68,83,87,67,71,79,4
68,85,86,68,68,89,86,72,68,85,90,76,71,83,87,67,68,83,87,67,68,83,87,67,71,79,4
68,89,86,72,68,85,90,76,68,94,94,79,68,83,87,67,68,83,87,67,71,83,87,70,71,75,4
68,85,90,76,68,94,94,79,76,94,111,79,68,83,87,67,71,83,87,70,76,91,91,74,71,75,4
68,94,94,79,76,94,111,79,80,98,106,83,71,83,87,70,76,91,91,74,76,95,104,81,67,75,4
80,94,102,83,80,102,111,87,84,106,115,91,84,103,104,85,84,103,108,85,88,107,118,88,79,99,3
88,106,115,87,88,111,111,91,88,106,115,87,88,107,118,92,88,112,113,88,88,103,113,88,88,107,3
84,98,111,83,80,89,115,87,88,102,106,87,88,103,108,85,84,99,108,85,88,99,104,85,84,99,3
80,89,115,87,88,102,106,87,92,115,111,91,84,99,108,85,88,99,104,85,88,103,113,88,88,103,3
88,102,106,87,92,115,111,91,92,115,115,94,88,99,104,85,88,103,113,88,88,112,118,92,88,103,3
92,115,115,94,92,111,120,91,84,106,111,87,88,112,118,92,88,112,122,88,92,112,128,92,88,111,3
84,106,111,87,84,98,111,87,84,98,106,91,92,112,113,88,88,103,113,85,97,107,113,88,88,111,3
84,98,106,91,84,102,111,87,84,106,111,87,97,107,113,88,92,112,118,92,92,112,118,92,93,107,3
84,102,111,87,84,106,111,87,88,111,115,91,92,112,118,92,92,112,118,92,92,107,113,92,93,107,3
84,106,111,87,88,111,115,91,88,111,120,87,92,112,118,92,92,107,113,92,92,107,118,88,88,107,3
88,111,115,91,88,111,120,87,88,111,115,87,92,107,113,92,92,107,118,88,88,107,118,88,88,107,3
88,111,115,87,92,106,106,87,88,106,106,87,88,107,118,88,88,107,118,88,88,103,108,85,88,107,3
92,106,106,87,88,106,106,87,84,106,111,83,88,107,118,88,88,103,108,85,88,103,113,92,88,103,3
88,98,106,83,84,98,106,83,88,106,102,83,88,107,113,88,88,103,108,81,88,103,108,88,88,111,3
84,98,106,83,88,106,102,83,88,102,102,83,88,103,108,81,88,103,108,88,84,99,104,85,88,107,3
88,102,102,83,88,98,106,83,84,102,106,83,84,99,104,85,84,103,108,81,88,99,104,85,88,107,3
88,98,106,83,84,102,106,83,88,111,111,87,84,103,108,81,88,99,104,85,84,103,108,85,84,99,3
84,102,106,83,88,111,111,87,88,111,106,87,88,99,104,85,84,103,108,85,88,95,104,81,79,99,3
88,111,106,87,88,106,111,87,84,106,106,87,88,95,104,81,84,99,108,85,88,103,113,85,88,95,3
84,106,106,87,84,106,111,91,84,106,115,87,88,103,113,85,88,107,113,85,88,103,108,85,88,103,3
84,106,115,87,88,106,111,87,88,106,106,87,88,103,108,85,88,103,113,85,88,99,104,85,84,103,3
88,106,111,87,88,106,106,87,84,106,106,87,88,103,113,85,88,99,104,85,84,99,104,85,84,99,3
88,106,106,87,84,106,106,87,84,102,111,83,88,99,104,85,84,99,104,85,84,99,104,81,84,103,3
84,102,111,83,84,98,98,83,80,98,102,83,84,99,104,81,84,99,100,81,80,91,96,78,84,99,3
84,98,98,83,80,98,102,83,80,94,102,83,84,99,100,81,80,91,96,78,80,87,96,74,79,95,3
80,94,102,83,76,89,98,79,68,77,94,79,80,87,96,74,71,75,87,78,60,54,87,74,79,95,5
76,89,98,79,68,77,94,79,60,62,78,76,71,75,87,78,60,54,87,74,56,61,87,78,79,91,5
60,62,78,76,64,73,90,76,80,94,106,83,56,61,87,78,71,79,100,81,80,95,100,85,75,83,5
64,73,90,76,80,94,106,83,84,98,102,83,71,79,100,81,80,95,100,85,80,91,100,81,84,99,7
80,94,102,76,76,94,94,72,72,81,82,68,76,83,91,74,71,79,87,70,71,79,79,67,75,83,7
72,81,82,68,68,73,78,65,64,69,78,65,71,79,79,67,71,79,83,67,71,79,79,63,71,79,7
68,73,78,65,64,69,78,65,68,77,86,65,71,79,83,67,71,79,79,63,68,75,79,67,71,75,7
68,77,86,65,64,66,86,68,57,55,78,72,68,75,79,67,60,68,79,67,53,54,75,70,67,64,5
64,66,86,68,57,55,78,72,53,49,71,65,60,68,79,67,53,54,75,70,53,54,71,63,59,61,5
57,55,78,72,53,49,71,65,57,49,74,65,53,54,75,70,53,54,71,63,56,54,71,63,55,54,5
57,49,74,65,53,49,74,68,53,52,74,68,56,54,71,63,56,51,67,63,53,51,67,67,55,48,5
101,126,133,103,92,112,118,85,84,103,104,81,102,126,134,104,88,121,128,100,84,107,113,87,90,113,3
92,112,118,85,84,103,104,81,84,99,104,78,88,121,128,100,84,107,113,87,84,99,104,79,90,113,3
84,103,104,81,84,99,104,78,84,99,104,81,84,107,113,87,84,99,104,79,84,99,104,79,95,128,3
84,99,104,78,84,99,104,81,76,99,104,81,84,99,104,79,84,99,104,79,84,103,104,79,95,123,3
84,99,104,81,76,99,104,81,76,99,108,85,84,99,104,79,84,103,104,79,79,107,109,87,82,100,3
76,99,108,85,76,103,118,88,80,107,118,88,79,107,109,87,79,107,109,87,79,107,113,87,82,100,3
76,103,118,88,80,107,118,88,80,112,118,88,79,107,109,87,79,107,113,87,79,103,104,83,78,100,3
80,107,118,88,80,112,118,88,80,107,113,85,79,107,113,87,79,103,104,83,79,103,104,79,82,104,3
80,112,118,88,80,107,113,85,80,95,100,78,79,103,104,83,79,103,104,79,79,95,100,79,82,104,3
80,91,100,78,80,91,100,74,80,95,104,74,79,95,100,75,75,95,100,79,75,91,96,75,74,91,4
80,95,104,74,76,91,104,74,76,95,100,78,75,91,96,75,75,91,96,71,79,87,93,71,74,87,4
76,91,104,74,76,95,100,78,76,91,100,74,75,91,96,71,79,87,93,71,79,87,93,67,74,87,4
76,95,100,78,76,91,100,74,76,87,100,74,79,87,93,71,79,87,93,67,75,87,96,71,78,87,4
76,91,100,74,76,87,100,74,76,87,91,74,79,87,93,67,75,87,96,71,75,91,96,71,74,87,4
68,83,87,67,68,83,87,67,68,79,87,63,71,79,85,62,67,75,85,62,71,75,85,62,70,83,4
68,83,87,67,68,79,87,63,68,79,87,67,67,75,85,62,71,75,85,62,67,79,81,62,70,83,4
71,83,87,67,68,83,87,67,68,83,87,67,71,79,85,62,71,75,81,67,71,75,81,62,70,79,4
68,83,87,67,68,83,87,67,71,83,87,70,71,75,81,67,71,75,81,62,67,75,85,71,66,71,4
76,91,91,74,76,95,104,81,84,103,104,85,67,75,96,79,75,83,96,83,79,99,104,83,49,40,4
76,95,104,81,84,103,104,85,84,103,108,85,75,83,96,83,79,99,104,83,84,99,113,87,46,34,3
84,103,104,85,84,103,108,85,88,107,118,88,79,99,104,83,84,99,113,87,84,99,109,87,49,40,3
88,107,118,92,88,107,118,92,88,112,113,88,84,103,109,83,88,107,113,87,88,107,104,87,86,100,3
88,112,113,88,88,103,113,88,88,103,108,85,88,107,104,87,88,107,109,83,84,99,109,83,86,104,3
84,99,108,85,88,99,104,85,88,103,113,88,88,103,109,87,88,103,109,87,84,103,113,87,86,100,3
88,99,104,85,88,103,113,88,88,112,118,92,88,103,109,87,84,103,113,87,88,111,113,92,90,104,3
88,103,113,88,88,112,118,92,88,112,122,88,84,103,113,87,88,111,113,92,93,107,109,92,90,104,3
88,112,118,92,88,112,122,88,92,112,128,92,88,111,113,92,93,107,109,92,93,111,113,92,90,109,3
88,112,122,88,92,112,128,92,92,112,118,96,93,107,109,92,93,111,113,92,93,116,118,92,90,109,3
92,112,128,92,92,112,118,96,92,112,113,88,93,111,113,92,93,116,118,92,88,111,118,92,90,109,3
92,112,118,96,92,112,113,88,88,103,113,85,93,116,118,92,88,111,118,92,93,107,113,87,90,109,3
92,112,113,88,88,103,113,85,97,107,113,88,88,111,118,92,93,107,113,87,93,107,113,87,90,104,3
88,103,113,85,97,107,113,88,92,112,118,92,93,107,113,87,93,107,113,87,93,107,109,87,90,109,3
97,107,113,88,92,112,118,92,92,112,118,92,93,107,113,87,93,107,109,87,88,107,109,92,90,109,3
92,112,118,92,92,112,118,92,92,107,113,92,93,107,109,87,88,107,109,92,88,107,109,87,90,104,3
92,107,113,92,92,107,118,88,88,107,118,88,88,107,109,87,88,107,109,87,88,107,109,87,86,104,3
92,107,118,88,88,107,118,88,88,107,118,88,88,107,109,87,88,107,109,87,88,103,109,87,90,104,3
88,107,118,88,88,107,118,88,88,103,108,85,88,107,109,87,88,103,109,87,93,103,109,87,90,109,3
88,107,118,88,88,103,108,85,88,103,113,92,88,103,109,87,93,103,109,87,88,107,109,87,86,104,3
88,103,108,85,88,103,113,92,88,107,113,88,93,103,109,87,88,107,109,87,88,111,113,92,86,104,3
88,103,108,81,88,103,108,88,84,99,104,85,88,107,113,87,88,107,113,87,88,107,109,83,90,109,3
84,99,104,85,84,103,108,81,88,99,104,85,88,107,109,83,84,99,104,87,79,99,100,79,86,109,3
84,103,108,81,88,99,104,85,84,103,108,85,84,99,104,87,79,99,100,79,88,95,100,79,90,109,3
88,99,104,85,84,103,108,85,88,95,104,81,79,99,100,79,88,95,100,79,88,95,100,83,86,104,3
84,99,108,85,88,103,113,85,88,107,113,85,88,103,100,83,88,103,109,83,88,103,113,83,82,100,3
88,103,113,85,88,107,113,85,88,103,108,85,88,103,109,83,88,103,113,83,84,103,104,83,86,100,3
88,107,113,85,88,103,108,85,88,103,113,85,88,103,113,83,84,103,104,83,84,99,109,83,82,100,3
88,103,108,85,88,103,113,85,88,99,104,85,84,103,104,83,84,99,109,83,84,103,104,83,82,100,3
88,103,113,85,88,99,104,85,84,99,104,85,84,99,109,83,84,103,104,83,88,99,100,79,86,100,3
84,99,100,81,80,91,96,78,80,87,96,74,79,95,100,79,79,99,100,83,79,95,100,83,82,96,3
80,87,96,74,71,75,87,78,60,54,87,74,79,95,100,83,79,91,104,79,75,79,96,79,82,96,3
71,79,100,81,80,95,100,85,80,91,100,81,84,99,104,83,84,99,104,83,79,95,100,75,82,100,3
80,91,100,81,80,91,100,78,76,83,91,74,79,95,100,75,75,87,93,71,75,83,85,71,86,100,7
80,91,100,78,76,83,91,74,71,79,87,70,75,87,93,71,75,83,85,71,71,75,85,67,86,100,7
71,79,87,70,71,79,79,67,71,79,83,67,71,75,85,67,71,79,77,67,71,75,81,67,78,83,7
71,79,83,67,71,79,79,63,68,75,79,67,71,75,81,67,67,72,81,67,67,64,81,67,70,79,7
71,79,79,63,68,75,79,67,60,68,79,67,67,72,81,67,67,64,81,67,59,61,77,71,70,75,5
68,75,79,67,60,68,79,67,53,54,75,70,67,64,81,67,59,61,77,71,55,54,85,67,66,71,5
60,68,79,67,53,54,75,70,53,54,71,63,59,61,77,71,55,54,85,67,55,51,74,67,66,63,5
53,54,75,70,53,54,71,63,56,54,71,63,55,54,85,67,55,51,74,67,55,48,70,62,59,60,5
53,54,71,63,56,54,71,63,56,51,67,63,55,51,74,67,55,48,70,62,51,48,70,67,59,56,5
56,54,71,63,56,51,67,63,53,51,67,67,55,48,70,62,51,48,70,67,51,48,70,67,59,53,5
97,126,128,104,102,137,139,108,102,126,134,104,90,109,112,89,90,109,112,89,90,113,117,92,96,108,3
102,137,139,108,102,126,134,104,88,121,128,100,90,109,112,89,90,113,117,92,90,113,122,96,92,103,3
102,126,134,104,88,121,128,100,84,107,113,87,90,113,117,92,90,113,122,96,95,128,127,103,87,108,3
84,107,113,87,84,99,104,79,84,99,104,79,95,128,127,103,95,123,127,100,82,100,108,85,92,122,3
84,99,104,79,84,99,104,79,84,103,104,79,95,123,127,100,82,100,108,85,82,100,108,81,96,127,3
84,99,104,79,84,103,104,79,79,107,109,87,82,100,108,85,82,100,108,81,82,100,104,78,92,108,3
84,103,104,79,79,107,109,87,79,107,109,87,82,100,108,81,82,100,104,78,78,100,104,81,83,103,3
79,107,109,87,79,107,109,87,79,107,113,87,82,100,104,78,78,100,104,81,82,104,104,85,79,103,3
79,103,104,83,79,103,104,79,79,95,100,79,82,104,108,85,82,100,108,85,78,96,96,78,79,99,3
79,103,104,79,79,95,100,79,79,95,96,75,82,100,108,85,78,96,96,78,78,91,92,70,79,95,4
79,95,100,79,79,95,96,75,79,95,100,75,78,96,96,78,78,91,92,70,74,91,92,70,83,95,4
79,95,100,75,75,95,100,79,75,91,96,75,74,91,92,70,78,91,96,74,74,87,92,70,83,91,4
75,95,100,79,75,91,96,75,75,91,96,71,78,91,96,74,74,87,92,70,74,87,88,70,79,91,4
79,87,93,71,79,87,93,67,75,87,96,71,78,87,84,70,74,87,88,66,74,87,92,70,79,91,4
75,87,96,71,75,91,96,71,75,87,93,67,74,87,92,70,78,87,88,66,78,87,92,66,79,88,4
75,87,93,67,71,87,89,67,71,79,81,62,78,87,92,66,74,83,92,66,70,83,92,66,75,84,4
71,87,89,67,71,79,81,62,71,79,85,62,74,83,92,66,70,83,92,66,70,83,88,70,75,88,4
71,75,81,67,71,75,81,62,67,75,85,71,66,71,88,70,59,60,96,81,56,49,104,100,49,45,2
71,75,81,62,67,75,85,71,67,75,96,79,59,60,96,81,56,49,104,100,49,40,112,114,46,37,2
67,75,85,71,67,75,96,79,75,83,96,83,56,49,104,100,49,40,112,114,46,34,122,125,46,32,2
79,99,104,83,84,99,113,87,84,99,109,87,49,40,117,114,63,67,104,85,82,96,104,78,46,34,2
84,99,113,87,84,99,109,87,84,103,109,83,63,67,104,85,82,96,104,78,86,100,108,85,52,48,3
84,99,109,87,84,103,109,83,88,107,113,87,82,96,104,78,86,100,108,85,90,104,112,85,71,77,3
84,103,109,83,88,107,113,87,88,107,104,87,86,100,108,85,90,104,112,85,86,104,108,85,83,99,3
88,107,113,87,88,107,104,87,88,107,109,83,90,104,112,85,86,104,108,85,86,104,108,85,87,103,3
88,107,109,83,84,99,109,83,88,103,109,87,86,104,108,85,86,104,108,85,86,100,108,85,83,99,3
84,99,109,83,88,103,109,87,88,103,109,87,86,104,108,85,86,100,108,85,90,104,112,89,87,99,3
88,103,109,87,88,103,109,87,84,103,113,87,86,100,108,85,90,104,112,89,90,104,112,85,87,103,3
88,103,109,87,84,103,113,87,88,111,113,92,90,104,112,89,90,104,112,85,90,109,112,85,87,108,3
84,103,113,87,88,111,113,92,93,107,109,92,90,104,112,85,90,109,112,85,90,109,117,89,92,108,3
88,111,113,92,93,107,109,92,93,111,113,92,90,109,112,85,90,109,117,89,90,109,112,89,96,108,3
93,107,109,92,93,111,113,92,93,116,118,92,90,109,117,89,90,109,112,89,90,109,112,89,96,112,3
93,111,113,92,93,116,118,92,88,111,118,92,90,109,112,89,90,109,112,89,90,104,117,92,92,108,3
93,116,118,92,88,111,118,92,93,107,113,87,90,109,112,89,90,104,117,92,90,109,112,89,87,108,3
88,111,118,92,93,107,113,87,93,107,113,87,90,104,117,92,90,109,112,89,90,109,112,89,92,108,3
93,107,113,87,93,107,113,87,93,107,109,87,90,109,112,89,90,109,112,89,90,104,112,85,87,103,3
93,107,109,87,88,107,109,92,88,107,109,87,90,104,112,85,90,104,112,89,86,104,108,89,92,108,3
88,107,109,92,88,107,109,87,88,107,109,87,90,104,112,89,86,104,108,89,90,104,108,92,92,108,3
88,107,109,87,88,107,109,87,88,107,109,87,86,104,108,89,90,104,108,92,90,109,108,89,92,108,3
88,107,109,87,88,107,109,87,88,103,109,87,90,104,108,92,90,109,108,89,86,104,112,85,92,103,3
88,107,109,87,88,103,109,87,93,103,109,87,90,109,108,89,86,104,112,85,86,104,104,81,87,103,3
93,103,109,87,88,107,109,87,88,111,113,92,86,104,104,81,86,96,104,81,86,104,108,85,92,103,3
88,107,109,87,88,111,113,92,88,107,113,87,86,96,104,81,86,104,108,85,90,109,112,92,87,99,3
88,111,113,92,88,107,113,87,88,107,113,87,86,104,108,85,90,109,112,92,86,109,108,89,87,103,3
88,107,113,87,88,107,113,87,88,107,109,83,90,109,112,92,86,109,108,89,86,109,112,89,92,108,3
88,107,113,87,88,107,109,83,84,99,104,87,86,109,108,89,86,109,112,89,90,109,112,92,92,108,3
88,107,109,83,84,99,104,87,79,99,100,79,86,109,112,89,90,109,112,92,86,104,108,89,87,108,3
84,99,104,87,79,99,100,79,88,95,100,79,90,109,112,92,86,104,108,89,86,104,104,85,87,108,3
79,99,100,79,88,95,100,79,88,95,100,83,86,104,108,89,86,104,104,85,82,100,100,85,87,103,3
88,95,100,79,88,95,100,83,88,103,100,83,86,104,104,85,82,100,100,85,82,100,104,78,83,103,3
88,95,100,83,88,103,100,83,88,103,109,83,82,100,100,85,82,100,104,78,86,100,96,81,83,103,3
88,103,113,83,84,103,104,83,84,99,109,83,82,100,104,81,82,100,104,81,86,100,104,81,79,95,3
84,103,104,83,84,99,109,83,84,103,104,83,82,100,104,81,86,100,104,81,82,96,100,81,83,99,3
84,99,109,83,84,103,104,83,88,99,100,79,86,100,104,81,82,96,100,81,82,100,108,81,87,99,3
88,99,100,79,84,99,104,79,79,95,100,79,82,100,108,81,82,96,104,78,82,96,100,81,83,99,3
79,95,100,79,79,99,100,83,79,95,100,83,82,96,100,81,86,96,104,81,82,96,100,81,83,95,3
79,99,100,83,79,95,100,83,79,91,104,79,86,96,104,81,82,96,100,81,82,100,104,78,79,99,3
79,95,100,83,79,91,104,79,75,79,96,79,82,96,100,81,82,100,104,78,82,96,104,81,79,99,3
75,79,96,79,75,83,96,79,84,99,104,83,82,96,104,81,82,96,104,85,82,100,104,85,83,95,3
84,99,104,83,84,99,104,83,79,95,100,75,82,100,104,85,86,100,108,85,86,100,112,85,87,99,3
84,99,104,83,79,95,100,75,75,87,93,71,86,100,108,85,86,100,112,85,86,100,112,85,83,103,3
79,95,100,75,75,87,93,71,75,83,85,71,86,100,112,85,86,100,112,85,82,96,100,81,83,103,3
75,87,93,71,75,83,85,71,71,75,85,67,86,100,112,85,82,96,100,81,78,83,84,70,83,103,7
75,83,85,71,71,75,85,67,71,79,77,67,82,96,100,81,78,83,84,70,74,75,88,66,87,103,7
71,75,81,67,67,72,81,67,67,64,81,67,70,79,88,66,70,75,76,66,66,71,80,66,71,77,7
67,72,81,67,67,64,81,67,59,61,77,71,70,75,76,66,66,71,80,66,66,63,76,66,71,81,5
67,64,81,67,59,61,77,71,55,54,85,67,66,71,80,66,66,63,76,66,59,60,73,63,71,77,5
59,61,77,71,55,54,85,67,55,51,74,67,66,63,76,66,59,60,73,63,59,56,76,66,67,73,5
55,54,85,67,55,51,74,67,55,48,70,62,59,60,73,63,59,56,76,66,59,53,76,70,63,66,5
55,51,74,67,55,48,70,62,51,48,70,67,59,56,76,66,59,53,76,70,56,49,73,70,63,63,5
55,48,70,62,51,48,70,67,51,48,70,67,59,53,76,70,56,49,73,70,49,40,69,66,63,66,5
90,109,112,89,90,109,112,89,90,113,117,92,96,108,119,90,92,103,110,86,87,108,114,86,97,120,3
90,113,117,92,90,113,122,96,95,128,127,103,87,108,114,86,87,103,114,90,92,122,135,109,89,120,3
90,113,122,96,95,128,127,103,95,123,127,100,87,103,114,90,92,122,135,109,96,127,130,105,93,115,3
95,123,127,100,82,100,108,85,82,100,108,81,96,127,130,105,92,108,114,86,83,103,105,83,93,130,3
82,100,108,85,82,100,108,81,82,100,104,78,92,108,114,86,83,103,105,83,79,103,110,83,89,120,3
82,100,108,81,82,100,104,78,78,100,104,81,83,103,105,83,79,103,110,83,79,99,105,83,78,106,3
82,100,104,78,78,100,104,81,82,104,104,85,79,103,110,83,79,99,105,83,83,103,114,86,78,102,3
78,96,96,78,78,91,92,70,74,91,92,70,83,95,93,75,83,91,97,72,83,91,97,72,78,97,4
78,91,92,70,74,91,92,70,78,91,96,74,83,91,97,72,83,91,97,72,79,91,93,72,82,92,4
74,91,92,70,78,91,96,74,74,87,92,70,83,91,97,72,79,91,93,72,79,91,90,68,78,92,4
78,91,96,74,74,87,92,70,74,87,88,70,79,91,93,72,79,91,90,68,79,88,93,68,74,92,4
74,87,92,70,74,87,88,70,78,87,84,70,79,91,90,68,79,88,93,68,79,91,93,72,78,88,4
78,87,84,70,74,87,88,66,74,87,92,70,79,91,93,72,75,91,93,68,79,88,93,68,78,92,4
74,87,92,70,78,87,88,66,78,87,92,66,79,88,93,68,75,84,90,68,75,84,93,72,82,92,4
78,87,88,66,78,87,92,66,74,83,92,66,75,84,90,68,75,84,93,72,75,88,90,68,78,88,4
78,87,92,66,74,83,92,66,70,83,92,66,75,84,93,72,75,88,90,68,75,91,97,75,78,84,4
70,83,92,66,70,83,88,70,70,83,84,66,75,91,97,75,75,88,93,72,67,81,86,64,74,88,4
70,83,84,66,66,79,84,63,66,79,88,66,67,81,86,64,63,77,86,72,63,73,97,83,57,63,2
70,79,88,66,66,71,88,70,59,60,96,81,59,60,110,98,49,45,119,116,46,37,119,127,42,37,2
66,71,88,70,59,60,96,81,56,49,104,100,49,45,119,116,46,37,119,127,46,32,119,131,44,34,2
59,60,96,81,56,49,104,100,49,40,112,114,46,37,119,127,46,32,119,131,46,34,119,131,44,34,2
49,40,112,114,46,34,122,125,49,40,117,114,46,34,119,131,42,34,119,131,46,34,119,131,44,34,2
46,34,122,125,49,40,117,114,63,67,104,85,42,34,119,131,46,34,119,131,52,48,110,105,44,37,2
63,67,104,85,82,96,104,78,86,100,108,85,52,48,110,105,71,77,97,75,83,99,105,83,44,34,2
86,100,108,85,90,104,112,85,86,104,108,85,83,99,105,83,87,103,105,86,87,95,105,83,74,92,3
90,104,112,85,86,104,108,85,86,104,108,85,87,103,105,86,87,95,105,83,83,99,110,83,82,102,3
86,104,108,85,86,104,108,85,86,104,108,85,87,95,105,83,83,99,110,83,87,99,105,86,85,102,3
86,104,108,85,86,104,108,85,86,100,108,85,83,99,110,83,87,99,105,86,87,103,105,86,85,97,3
90,109,112,85,90,109,117,89,90,109,112,89,96,108,114,90,96,112,114,90,92,108,110,90,93,111,3
90,109,112,89,90,109,112,89,90,104,117,92,92,108,110,90,87,108,110,90,92,108,110,86,89,106,3
90,109,112,89,90,104,117,92,90,109,112,89,87,108,110,90,92,108,110,86,87,103,110,90,89,106,3
90,104,117,92,90,109,112,89,90,109,112,89,92,108,110,86,87,103,110,90,87,103,114,86,89,102,3
90,109,112,89,90,109,112,89,90,104,112,85,87,103,110,90,87,103,114,86,92,108,114,86,93,106,3
90,109,112,89,90,104,112,85,90,104,112,89,87,103,114,86,92,108,114,86,92,108,110,86,93,111,3
90,104,112,89,86,104,108,89,90,104,108,92,92,108,110,86,92,108,110,86,92,103,105,86,89,111,3
86,104,108,89,90,104,108,92,90,109,108,89,92,108,110,86,92,103,105,86,87,103,105,83,85,106,3
86,104,104,81,86,96,104,81,86,104,108,85,92,103,110,86,87,99,105,83,87,103,105,86,89,111,3
86,96,104,81,86,104,108,85,90,109,112,92,87,99,105,83,87,103,105,86,92,108,110,90,89,111,3
86,104,108,85,90,109,112,92,86,109,108,89,87,103,105,86,92,108,110,90,92,108,110,90,89,111,3
86,109,112,89,90,109,112,92,86,104,108,89,87,108,110,86,87,108,119,90,87,103,110,86,89,102,3
90,109,112,92,86,104,108,89,86,104,104,85,87,108,119,90,87,103,110,86,83,103,105,86,89,106,3
86,104,104,85,82,100,100,85,82,100,104,78,83,103,105,86,83,103,110,83,83,99,101,79,85,102,3
86,100,96,81,82,100,104,81,82,100,104,81,79,95,101,79,79,95,105,79,83,99,105,83,85,102,3
86,100,104,81,82,96,100,81,82,100,108,81,87,99,105,83,87,95,97,83,83,99,101,79,85,102,3
82,96,100,81,82,100,108,81,82,96,104,78,87,95,97,83,83,99,101,79,83,99,105,79,85,111,3
82,100,108,81,82,96,104,78,82,96,100,81,83,99,101,79,83,99,105,79,83,95,101,79,89,106,3
82,96,100,81,86,96,104,81,82,96,100,81,83,95,101,79,79,99,97,79,79,99,105,83,85,102,3
82,96,100,81,82,100,104,78,82,96,104,81,79,99,105,83,83,95,105,83,83,95,101,79,85,102,3
82,100,104,78,82,96,104,81,82,96,104,85,83,95,105,83,83,95,101,79,83,99,105,83,82,102,3
82,96,104,81,82,96,104,85,82,100,104,85,83,95,101,79,83,99,105,83,87,99,105,83,82,102,3
86,100,112,85,86,100,112,85,82,96,100,81,83,103,105,79,83,103,105,83,87,103,105,83,78,102,3
86,100,112,85,82,96,100,81,78,83,84,70,83,103,105,83,87,103,105,83,79,88,97,72,82,106,3
82,96,100,81,78,83,84,70,74,75,88,66,87,103,105,83,79,88,97,72,71,81,86,68,82,97,7
78,83,84,70,74,75,88,66,70,79,88,66,79,88,97,72,71,81,86,68,71,77,82,64,82,97,7
74,75,88,66,70,79,88,66,70,75,76,66,71,81,86,68,71,77,82,64,71,81,82,68,78,88,7
70,79,88,66,70,75,76,66,66,71,80,66,71,77,82,64,71,81,82,68,71,77,86,68,70,79,7
66,71,80,66,66,63,76,66,59,60,73,63,71,77,86,68,67,73,75,60,63,66,68,57,74,84,7
66,63,76,66,59,60,73,63,59,56,76,66,67,73,75,60,63,66,68,57,63,63,72,60,74,79,7
59,60,73,63,59,56,76,66,59,53,76,70,63,66,68,57,63,63,72,60,63,66,72,64,67,79,5
59,56,76,66,59,53,76,70,56,49,73,70,63,63,72,60,63,66,72,64,59,57,75,64,70,79,7
59,53,76,70,56,49,73,70,49,40,69,66,63,66,72,64,59,57,75,64,56,48,75,68,67,75,5
96,108,119,90,92,103,110,86,87,108,114,86,97,120,119,101,97,115,119,97,89,120,124,97,97,131,3
92,103,110,86,87,108,114,86,87,103,114,90,97,115,119,97,89,120,124,97,93,115,124,101,92,120,3
87,108,114,86,87,103,114,90,92,122,135,109,89,120,124,97,93,115,124,101,93,125,135,104,88,120,3
87,103,114,90,92,122,135,109,96,127,130,105,93,115,124,101,93,125,135,104,93,130,129,101,88,125,3
92,122,135,109,96,127,130,105,92,108,114,86,93,125,135,104,93,130,129,101,89,120,129,97,88,125,3
96,127,130,105,92,108,114,86,83,103,105,83,93,130,129,101,89,120,129,97,78,106,110,87,88,125,3
79,103,110,83,79,99,105,83,83,103,114,86,78,102,110,83,78,102,110,83,82,102,105,83,76,102,3
79,99,105,83,79,95,101,79,83,95,93,75,82,102,101,80,78,102,105,80,78,97,101,80,80,98,3
79,95,101,79,83,95,93,75,83,91,97,72,78,102,105,80,78,97,101,80,82,92,93,76,80,98,3
83,91,97,72,83,91,97,72,79,91,93,72,82,92,93,76,78,92,93,73,74,92,93,69,80,94,4
83,91,97,72,79,91,93,72,79,91,90,68,78,92,93,73,74,92,93,69,78,88,97,73,80,89,4
79,91,93,72,79,91,90,68,79,88,93,68,74,92,93,69,78,88,97,73,82,88,97,73,80,89,4
79,91,90,68,79,88,93,68,79,91,93,72,78,88,97,73,82,88,97,73,78,92,97,73,80,94,4
79,91,93,72,75,91,93,68,79,88,93,68,78,92,97,73,78,88,93,73,82,92,93,73,80,89,4
75,91,93,68,79,88,93,68,75,84,90,68,78,88,93,73,82,92,93,73,78,88,93,73,80,89,4
79,88,93,68,75,84,90,68,75,84,93,72,82,92,93,73,78,88,93,73,78,84,93,69,80,85,4
75,84,90,68,75,84,93,72,75,88,90,68,78,88,93,73,78,84,93,69,74,84,89,69,72,85,4
75,84,93,72,75,88,90,68,75,91,97,75,78,84,93,69,74,84,89,69,74,88,93,76,72,81,4
75,88,90,68,75,91,97,75,75,88,93,72,74,84,89,69,74,88,93,76,67,75,93,80,64,69,4
75,91,97,75,75,88,93,72,67,81,86,64,74,88,93,76,67,75,93,80,57,63,97,90,57,49,2
75,88,93,72,67,81,86,64,63,77,86,72,67,75,93,80,57,63,97,90,53,49,110,108,50,40,2
63,77,86,72,63,73,97,83,59,60,110,98,53,49,110,108,47,40,119,122,42,37,119,129,47,34,2
59,60,110,98,49,45,119,116,46,37,119,127,42,37,119,129,44,34,124,136,44,34,124,136,44,34,2
49,45,119,116,46,37,119,127,46,32,119,131,44,34,124,136,44,34,124,136,42,31,124,133,44,34,2
46,37,119,127,46,32,119,131,46,34,119,131,44,34,124,136,42,31,124,133,44,34,119,133,44,31,2
46,32,119,131,46,34,119,131,42,34,119,131,42,31,124,133,44,34,119,133,44,37,119,136,44,34,2
52,48,110,105,71,77,97,75,83,99,105,83,44,34,119,133,53,56,105,97,74,92,101,76,41,31,2
71,77,97,75,83,99,105,83,87,103,105,86,53,56,105,97,74,92,101,76,82,102,110,83,44,40,3
87,103,105,86,87,95,105,83,83,99,110,83,82,102,110,83,85,102,110,83,85,97,105,83,84,102,3
87,95,105,83,83,99,110,83,87,99,105,86,85,102,110,83,85,97,105,83,82,97,105,83,88,111,3
83,99,110,83,87,99,105,86,87,103,105,86,85,97,105,83,82,97,105,83,93,106,114,90,88,102,3
87,99,105,86,87,103,105,86,87,108,114,86,82,97,105,83,93,106,114,90,93,115,114,90,84,111,3
87,103,105,86,87,108,114,86,92,108,114,90,93,106,114,90,93,115,114,90,93,115,114,90,84,106,3
87,108,114,86,92,108,114,90,96,108,114,90,93,115,114,90,93,115,114,90,93,111,119,90,92,106,3
92,108,114,90,96,108,114,90,96,112,114,90,93,115,114,90,93,111,119,90,89,111,114,87,92,111,3
92,108,110,90,87,108,110,90,92,108,110,86,89,106,114,87,89,106,110,87,89,102,110,87,88,106,3
87,108,110,90,92,108,110,86,87,103,110,90,89,106,110,87,89,102,110,87,93,106,114,90,88,111,3
87,103,110,90,87,103,114,86,92,108,114,86,93,106,114,90,93,111,110,94,93,106,114,87,88,111,3
87,103,114,86,92,108,114,86,92,108,110,86,93,111,110,94,93,106,114,87,89,111,110,87,92,106,3
92,108,110,86,92,108,110,86,92,103,105,86,89,111,110,87,85,106,110,87,89,106,114,90,84,102,3
92,103,105,86,87,103,105,83,92,103,110,83,89,106,114,90,89,106,114,90,93,106,105,90,88,111,3
92,103,110,83,92,103,110,86,87,99,105,83,93,106,105,90,89,111,110,83,89,111,114,87,88,111,3
92,103,110,86,87,99,105,83,87,103,105,86,89,111,110,83,89,111,114,87,89,111,110,87,92,111,3
87,99,105,83,87,103,105,86,92,108,110,90,89,111,114,87,89,111,110,87,89,106,110,87,92,111,3
92,108,110,90,92,108,110,90,87,108,110,86,89,106,110,87,89,106,114,90,89,102,114,90,88,115,3
92,108,110,90,87,108,110,86,87,108,119,90,89,106,114,90,89,102,114,90,89,106,114,87,92,115,3
87,108,110,86,87,108,119,90,87,103,110,86,89,102,114,90,89,106,114,87,89,106,114,90,88,111,3
87,103,110,86,83,103,105,86,83,103,110,83,89,106,114,90,85,102,110,87,85,106,114,87,88,106,3
83,103,110,83,83,99,101,79,79,95,101,79,85,106,114,87,89,97,105,83,85,102,105,87,92,106,3
83,99,101,79,79,95,101,79,79,95,105,79,89,97,105,83,85,102,105,87,85,102,101,80,88,102,3
79,95,101,79,79,95,105,79,83,99,105,83,85,102,105,87,85,102,101,80,85,97,101,83,88,106,3
79,95,105,79,83,99,105,83,87,99,105,83,85,102,101,80,85,97,101,83,85,102,110,83,88,106,3
83,99,105,83,87,99,105,83,87,95,97,83,85,97,101,83,85,102,110,83,85,111,114,87,84,111,3
87,95,97,83,83,99,101,79,83,99,105,79,85,111,114,87,89,106,114,87,89,106,105,87,88,111,3
83,95,101,79,79,99,97,79,79,99,105,83,85,102,110,83,85,102,105,83,85,102,101,83,88,106,3
79,99,97,79,79,99,105,83,83,95,105,83,85,102,105,83,85,102,101,83,82,102,105,83,88,106,3
83,95,105,83,83,95,101,79,83,99,105,83,82,102,105,83,82,102,114,87,89,106,114,87,88,102,3
83,99,105,83,87,99,105,83,83,103,105,86,89,106,114,87,89,106,114,83,82,102,105,83,88,102,3
87,99,105,83,83,103,105,86,83,103,105,79,89,106,114,83,82,102,105,83,78,102,105,83,84,102,3
83,103,105,86,83,103,105,79,83,103,105,83,82,102,105,83,78,102,105,83,82,106,105,87,80,98,3
83,103,105,79,83,103,105,83,87,103,105,83,78,102,105,83,82,106,105,87,82,97,105,87,84,98,3
83,103,105,83,87,103,105,83,79,88,97,72,82,106,105,87,82,97,105,87,82,97,105,80,80,98,3
71,77,82,64,71,81,82,68,71,77,86,68,70,79,82,65,70,88,89,69,74,84,85,69,76,85,7
71,77,86,68,67,73,75,60,63,66,68,57,74,84,85,69,74,79,85,69,67,79,82,65,68,85,7
63,66,68,57,63,63,72,60,63,66,72,64,67,79,82,65,70,79,82,62,67,75,74,62,72,81,7
63,63,72,60,63,66,72,64,59,57,75,64,70,79,82,62,67,75,74,62,60,63,74,58,72,81,7
63,66,72,64,59,57,75,64,56,48,75,68,67,75,74,62,60,63,74,58,57,56,74,62,72,77,7
97,120,119,101,97,115,119,97,89,120,124,97,97,131,136,105,92,120,125,98,88,120,125,98,92,126,3
97,115,119,97,89,120,124,97,93,115,124,101,92,120,125,98,88,120,125,98,88,125,131,102,88,126,3
93,115,124,101,93,125,135,104,93,130,129,101,88,125,131,102,88,125,136,109,88,125,136,105,92,121,3
93,125,135,104,93,130,129,101,89,120,129,97,88,125,136,109,88,125,136,105,88,125,125,102,88,121,3
93,130,129,101,89,120,129,97,78,106,110,87,88,125,136,105,88,125,125,102,84,111,111,91,92,116,3
78,102,110,83,78,102,110,83,82,102,105,83,76,102,102,79,80,98,102,79,80,98,102,79,84,99,3
78,102,110,83,82,102,105,83,82,102,101,80,80,98,102,79,80,98,102,79,80,98,98,79,80,95,3
82,102,105,83,82,102,101,80,78,102,105,80,80,98,102,79,80,98,98,79,80,98,102,76,80,99,3
82,102,101,80,78,102,105,80,78,97,101,80,80,98,98,79,80,98,102,76,84,94,98,76,80,95,3
78,102,105,80,78,97,101,80,82,92,93,76,80,98,102,76,84,94,98,76,80,94,94,72,80,99,4
78,97,101,80,82,92,93,76,78,92,93,73,84,94,98,76,80,94,94,72,80,89,94,72,84,95,4
78,92,93,73,74,92,93,69,78,88,97,73,80,89,94,72,80,89,98,72,80,94,94,72,80,95,4
82,88,97,73,78,92,97,73,78,88,93,73,80,94,94,72,80,89,90,68,80,89,90,72,71,91,4
78,88,93,73,82,92,93,73,78,88,93,73,80,89,90,72,80,85,90,68,72,85,94,72,71,79,4
82,92,93,73,78,88,93,73,78,84,93,69,80,85,90,68,72,85,94,72,72,81,94,72,68,68,4
74,84,89,69,74,88,93,76,67,75,93,80,64,69,102,83,57,49,111,109,50,40,125,128,53,45,2
74,88,93,76,67,75,93,80,57,63,97,90,57,49,111,109,50,40,125,128,47,34,125,135,46,34,2
53,49,110,108,47,40,119,122,42,37,119,129,47,34,131,135,47,34,125,135,44,34,131,131,43,31,2
47,40,119,122,42,37,119,129,44,34,124,136,47,34,125,135,44,34,131,131,44,34,120,135,43,31,2
42,37,119,129,44,34,124,136,44,34,124,136,44,34,131,131,44,34,120,135,44,31,120,139,43,31,2
44,34,124,136,42,31,124,133,44,34,119,133,44,31,120,139,44,34,131,135,44,31,125,135,43,31,2
44,34,119,133,44,37,119,136,44,34,124,136,44,31,125,135,47,31,131,139,41,31,131,135,43,31,2
44,37,119,136,44,34,124,136,44,34,119,133,47,31,131,139,41,31,131,135,41,31,131,139,46,34,2
44,34,124,136,44,34,119,133,53,56,105,97,41,31,131,135,41,31,131,139,44,40,120,120,43,31,2
53,56,105,97,74,92,101,76,82,102,110,83,44,40,120,120,64,73,106,83,84,102,106,83,46,34,2
74,92,101,76,82,102,110,83,85,102,110,83,64,73,106,83,84,102,106,83,88,111,111,91,50,51,3
82,102,110,83,85,102,110,83,85,97,105,83,84,102,106,83,88,111,111,91,88,102,115,87,71,87,3
85,102,110,83,85,97,105,83,82,97,105,83,88,111,111,91,88,102,115,87,84,111,106,87,88,103,3
85,97,105,83,82,97,105,83,93,106,114,90,88,102,115,87,84,111,106,87,84,106,111,87,88,103,3
93,106,114,90,93,115,114,90,93,115,114,90,84,106,111,87,92,106,111,87,92,111,111,87,88,107,3
93,115,114,90,93,115,114,90,93,111,119,90,92,106,111,87,92,111,111,87,88,106,106,83,88,107,3
93,115,114,90,93,111,119,90,89,111,114,87,92,111,111,87,88,106,106,83,84,102,106,83,92,107,3
93,111,119,90,89,111,114,87,89,106,114,87,88,106,106,83,84,102,106,83,88,106,106,87,88,103,3
89,111,114,87,89,106,114,87,89,106,110,87,84,102,106,83,88,106,106,87,88,111,115,83,88,103,3
89,106,114,87,89,106,110,87,89,102,110,87,88,106,106,87,88,111,115,83,92,111,115,91,92,107,3
89,102,110,87,93,106,114,90,93,111,110,94,92,111,115,91,88,111,111,87,92,106,111,87,88,107,3
93,106,114,90,93,111,110,94,93,106,114,87,88,111,111,87,92,106,111,87,88,106,111,87,88,107,3
93,111,110,94,93,106,114,87,89,111,110,87,92,106,111,87,88,106,111,87,84,102,115,87,88,107,3
89,111,110,87,85,106,110,87,89,106,114,90,84,102,115,87,84,106,115,91,88,111,115,87,88,107,3
85,106,110,87,89,106,114,90,89,106,114,90,84,106,115,91,88,111,115,87,88,106,111,87,88,107,3
89,106,114,90,89,106,114,90,93,106,105,90,88,111,115,87,88,106,111,87,88,111,111,87,88,107,3
89,111,110,83,89,111,114,87,89,111,110,87,92,111,115,91,92,111,115,91,88,106,115,91,88,107,3
89,106,110,87,89,106,114,90,89,102,114,90,88,115,115,91,92,115,120,94,88,111,111,91,88,107,3
89,106,114,90,89,102,114,90,89,106,114,87,92,115,120,94,88,111,111,91,84,106,111,87,88,107,3
89,102,114,90,89,106,114,87,89,106,114,90,88,111,111,91,84,106,111,87,88,106,115,87,92,112,3
89,106,114,87,89,106,114,90,85,102,110,87,84,106,111,87,88,106,115,87,92,106,111,87,88,112,3
89,106,114,90,85,102,110,87,85,106,114,87,88,106,115,87,92,106,111,87,92,106,111,87,84,99,3
85,106,114,87,89,97,105,83,85,102,105,87,92,106,111,87,88,102,106,83,88,106,106,83,88,107,3
89,97,105,83,85,102,105,87,85,102,101,80,88,102,106,83,88,106,106,83,88,106,115,87,88,103,3
85,102,105,87,85,102,101,80,85,97,101,83,88,106,106,83,88,106,115,87,84,111,115,87,88,107,3
85,97,101,83,85,102,110,83,85,111,114,87,84,111,115,87,84,102,115,91,88,111,120,94,84,107,3
85,102,110,83,85,111,114,87,89,106,114,87,84,102,115,91,88,111,120,94,88,111,120,91,88,112,3
89,106,114,87,89,106,105,87,85,102,110,83,88,111,120,91,88,106,111,91,88,106,106,87,88,103,3
89,106,105,87,85,102,110,83,85,102,105,83,88,106,111,91,88,106,106,87,88,106,111,87,88,103,3
85,102,110,83,85,102,105,83,85,102,101,83,88,106,106,87,88,106,111,87,88,111,111,87,88,107,3
85,102,101,83,82,102,105,83,82,102,114,87,88,111,111,87,88,102,111,83,84,102,106,83,88,103,3
82,102,105,83,82,102,114,87,89,106,114,87,88,102,111,83,84,102,106,83,88,102,115,87,88,99,3
82,102,114,87,89,106,114,87,89,106,114,83,84,102,106,83,88,102,115,87,84,102,102,83,84,103,3
89,106,114,87,89,106,114,83,82,102,105,83,88,102,115,87,84,102,102,83,80,98,98,79,88,103,3
89,106,114,83,82,102,105,83,78,102,105,83,84,102,102,83,80,98,98,79,84,98,106,83,84,99,3
82,102,105,83,78,102,105,83,82,106,105,87,80,98,98,79,84,98,106,83,80,98,102,83,80,95,3
82,106,105,87,82,97,105,87,82,97,105,80,80,98,102,83,80,98,98,79,76,94,94,76,68,79,3
78,88,89,73,70,79,82,65,70,88,89,69,76,89,86,72,76,85,86,72,76,85,86,72,71,75,7
70,79,82,65,70,88,89,69,74,84,85,69,76,85,86,72,76,85,86,72,68,85,86,68,68,79,7
70,88,89,69,74,84,85,69,74,79,85,69,76,85,86,72,68,85,86,68,72,85,86,72,71,83,7
74,79,85,69,67,79,82,65,70,79,82,62,72,85,86,72,72,81,82,68,72,81,86,68,76,87,7
67,79,82,65,70,79,82,62,67,75,74,62,72,81,82,68,72,81,86,68,72,77,78,61,76,83,7
70,79,82,62,67,75,74,62,60,63,74,58,72,81,86,68,72,77,78,61,64,73,74,57,71,79,7
97,131,136,105,92,120,125,98,88,120,125,98,92,126,139,107,88,126,139,103,88,121,133,103,93,126,3
92,120,125,98,88,120,125,98,88,125,131,102,88,126,139,103,88,121,133,103,92,121,128,103,88,126,3
88,125,131,102,88,125,136,109,88,125,136,105,92,121,128,103,88,121,128,99,92,116,122,99,93,116,3
88,125,136,109,88,125,136,105,88,125,125,102,88,121,128,99,92,116,122,99,88,116,122,96,88,111,3
84,111,111,91,76,102,102,79,80,98,102,79,84,107,113,85,84,99,104,78,80,95,100,78,84,107,3
76,102,102,79,80,98,102,79,80,98,102,79,84,99,104,78,80,95,100,78,80,99,104,78,84,103,3
80,98,98,79,80,98,102,76,84,94,98,76,80,95,100,78,80,99,100,74,84,95,100,78,84,95,3
80,94,94,72,80,89,94,72,80,89,98,72,80,99,100,74,80,95,100,74,84,95,100,74,84,91,4
80,89,94,72,80,89,98,72,80,94,94,72,80,95,100,74,84,95,100,74,80,91,91,70,84,95,4
80,94,94,72,80,94,94,72,80,89,90,68,80,91,91,70,71,91,96,74,76,91,96,70,71,83,4
80,94,94,72,80,89,90,68,80,89,90,72,71,91,96,74,76,91,96,70,71,79,96,74,67,72,4
80,89,90,68,80,89,90,72,80,85,90,68,76,91,96,70,71,79,96,74,68,68,100,88,59,58,2
80,85,90,68,72,85,94,72,72,81,94,72,68,68,100,88,56,54,108,103,56,54,104,92,44,34,2
72,85,94,72,72,81,94,72,64,69,102,83,56,54,108,103,56,54,104,92,53,45,113,114,44,34,2
72,81,94,72,64,69,102,83,57,49,111,109,56,54,104,92,53,45,113,114,46,34,133,146,48,37,2
64,69,102,83,57,49,111,109,50,40,125,128,53,45,113,114,46,34,133,146,46,31,139,143,51,45,2
57,49,111,109,50,40,125,128,47,34,125,135,46,34,133,146,46,31,139,143,46,31,133,146,44,37,2
50,40,125,128,47,34,125,135,47,34,131,135,46,31,139,143,46,31,133,146,43,31,139,146,41,32,2
47,34,125,135,47,34,131,135,47,34,125,135,46,31,133,146,43,31,139,146,43,31,139,143,44,32,2
44,34,120,135,44,31,120,139,44,34,131,135,46,31,133,139,43,31,133,139,43,31,128,135,44,29,2
44,31,120,139,44,34,131,135,44,31,125,135,43,31,133,139,43,31,128,135,43,31,128,135,44,32,2
44,34,131,135,44,31,125,135,47,31,131,139,43,31,128,135,43,31,128,135,46,34,133,132,48,34,2
44,31,125,135,47,31,131,139,41,31,131,135,43,31,128,135,46,34,133,132,43,31,128,135,48,37,2
47,31,131,139,41,31,131,135,41,31,131,139,46,34,133,132,43,31,128,135,43,31,128,132,44,34,2
41,31,131,139,44,40,120,120,64,73,106,83,43,31,128,132,46,34,118,132,50,51,113,103,48,34,2
44,40,120,120,64,73,106,83,84,102,106,83,46,34,118,132,50,51,113,103,71,87,104,81,48,32,2
64,73,106,83,84,102,106,83,88,111,111,91,50,51,113,103,71,87,104,81,88,103,108,88,48,37,2
84,102,106,83,88,111,111,91,88,102,115,87,71,87,104,81,88,103,108,88,88,103,108,88,59,58,3
88,111,111,91,88,102,115,87,84,111,106,87,88,103,108,88,88,103,108,88,88,107,108,88,79,91,3
92,106,111,87,92,111,111,87,88,106,106,83,88,107,113,88,92,107,113,88,88,103,113,85,88,107,3
92,111,111,87,88,106,106,83,84,102,106,83,92,107,113,88,88,103,113,85,88,103,108,88,88,107,3
88,106,106,83,84,102,106,83,88,106,106,87,88,103,113,85,88,103,108,88,92,107,113,88,88,107,3
84,102,106,83,88,106,106,87,88,111,115,83,88,103,108,88,92,107,113,88,88,107,113,88,88,103,3
88,106,106,87,88,111,115,83,92,111,115,91,92,107,113,88,88,107,113,88,88,107,113,88,88,111,3
88,111,115,83,92,111,115,91,88,111,111,87,88,107,113,88,88,107,113,88,88,107,118,88,93,107,3
92,111,115,91,88,111,111,87,92,106,111,87,88,107,113,88,88,107,118,88,88,107,113,88,93,107,3
88,111,111,87,92,106,111,87,88,106,111,87,88,107,118,88,88,107,113,88,88,107,108,85,88,107,3
92,106,111,87,88,106,111,87,84,102,115,87,88,107,113,88,88,107,108,85,88,107,104,88,93,111,3
88,106,111,87,84,102,115,87,84,106,115,91,88,107,108,85,88,107,104,88,88,107,108,85,93,111,3
84,106,115,91,88,111,115,87,88,106,111,87,88,107,108,85,88,107,113,85,84,103,108,85,88,103,3
88,111,115,87,88,106,111,87,88,111,111,87,88,107,113,85,84,103,108,85,84,107,113,88,84,103,3
88,111,111,87,92,111,115,91,92,111,115,91,84,107,113,88,88,107,118,92,88,107,113,88,88,107,3
92,111,115,91,92,111,115,91,88,106,115,91,88,107,118,92,88,107,113,88,88,107,113,88,93,111,3
92,111,115,91,88,106,115,91,88,115,115,91,88,107,113,88,88,107,113,88,88,107,108,88,88,107,3
88,115,115,91,92,115,120,94,88,111,111,91,88,107,108,88,88,107,113,92,92,112,122,92,88,107,3
84,106,111,87,88,106,115,87,92,106,111,87,88,112,113,85,84,99,108,85,84,103,113,88,84,103,3
88,106,115,87,92,106,111,87,92,106,111,87,84,99,108,85,84,103,113,88,88,107,113,85,84,103,3
92,106,111,87,92,106,111,87,88,102,106,83,84,103,113,88,88,107,113,85,88,103,108,85,88,103,3
92,106,111,87,88,102,106,83,88,106,106,83,88,107,113,85,88,103,108,85,88,107,113,88,88,103,3
88,102,106,83,88,106,106,83,88,106,115,87,88,103,108,85,88,107,113,88,88,103,113,92,88,107,3
88,106,106,83,88,106,115,87,84,111,115,87,88,107,113,88,88,103,113,92,84,107,113,88,88,111,3
88,106,115,87,84,111,115,87,84,102,115,91,88,103,113,92,84,107,113,88,88,112,113,92,84,111,3
84,102,115,91,88,111,120,94,88,111,120,91,88,112,113,92,92,112,118,92,88,103,113,85,88,111,3
88,111,120,94,88,111,120,91,88,106,111,91,92,112,118,92,88,103,113,85,88,103,108,85,93,116,3
88,106,111,91,88,106,106,87,88,106,111,87,88,103,108,85,88,107,113,88,88,107,118,88,88,107,3
88,106,111,87,88,111,111,87,88,102,111,83,88,107,118,88,88,103,118,85,88,99,108,85,88,103,3
88,111,111,87,88,102,111,83,84,102,106,83,88,103,118,85,88,99,108,85,84,103,108,85,88,107,3
88,102,111,83,84,102,106,83,88,102,115,87,88,99,108,85,84,103,108,85,88,103,113,85,88,103,3
88,102,115,87,84,102,102,83,80,98,98,79,88,103,113,85,84,99,104,81,80,95,91,74,84,99,3
84,102,102,83,80,98,98,79,84,98,106,83,84,99,104,81,80,95,91,74,76,87,96,70,79,91,7
80,98,98,79,84,98,106,83,80,98,102,83,80,95,91,74,76,87,96,70,68,79,83,67,71,79,7
84,98,106,83,80,98,102,83,80,98,98,79,76,87,96,70,68,79,83,67,68,79,83,67,75,83,7
80,98,102,83,80,98,98,79,76,94,94,76,68,79,83,67,68,79,83,67,71,75,87,67,75,79,7
80,98,98,79,76,94,94,76,76,89,86,72,68,79,83,67,71,75,87,67,71,75,79,63,75,79,7
76,94,94,76,76,89,86,72,76,85,86,72,71,75,87,67,71,75,79,63,68,79,83,67,71,79,7
76,85,86,72,68,85,86,68,72,85,86,72,71,83,87,70,71,83,91,74,76,87,91,70,79,87,7
72,81,86,68,72,77,78,61,64,73,74,57,71,79,83,67,71,79,79,67,71,83,79,63,75,83,7
92,126,139,107,88,126,139,103,88,121,133,103,93,126,134,108,88,126,134,104,88,121,128,104,90,123,3
88,126,139,103,88,121,133,103,92,121,128,103,88,126,134,104,88,121,128,104,93,116,123,96,86,128,3
88,121,133,103,92,121,128,103,88,121,128,99,88,121,128,104,93,116,123,96,88,111,118,92,90,123,3
92,121,128,103,88,121,128,99,92,116,122,99,93,116,123,96,88,111,118,92,88,111,113,92,90,118,3
92,116,122,99,88,116,122,96,84,107,113,85,88,111,113,92,88,103,109,87,84,107,113,87,86,109,3
88,116,122,96,84,107,113,85,84,99,104,78,88,103,109,87,84,107,113,87,84,103,104,83,90,113,3
84,107,113,85,84,99,104,78,80,95,100,78,84,107,113,87,84,103,104,83,84,99,100,79,90,109,3
84,99,104,78,80,95,100,78,80,99,104,78,84,103,104,83,84,99,100,79,79,99,104,79,86,113,3
80,99,104,78,80,95,100,78,80,99,100,74,79,99,104,79,84,95,104,79,84,99,100,75,82,100,3
80,95,100,78,80,99,100,74,84,95,100,78,84,95,104,79,84,99,100,75,79,99,100,75,82,100,3
84,95,100,78,80,99,100,74,80,95,100,74,79,99,100,75,84,91,100,75,84,95,100,79,78,96,4
80,99,100,74,80,95,100,74,84,95,100,74,84,91,100,75,84,95,100,79,79,95,100,75,82,96,4
84,95,100,74,80,91,91,70,71,91,96,74,79,95,100,75,71,83,96,75,67,72,96,83,74,79,2
71,91,96,74,76,91,96,70,71,79,96,74,67,72,96,83,59,58,104,100,51,45,113,116,56,53,2
76,91,96,70,71,79,96,74,68,68,100,88,59,58,104,100,51,45,113,116,44,34,128,129,49,37,2
71,79,96,74,68,68,100,88,56,54,108,103,51,45,113,116,44,34,128,129,44,34,123,129,43,32,2
68,68,100,88,56,54,108,103,56,54,104,92,44,34,128,129,44,34,123,129,48,37,118,121,43,34,2
56,54,108,103,56,54,104,92,53,45,113,114,44,34,123,129,48,37,118,121,51,45,113,104,43,32,2
53,45,113,114,46,34,133,146,46,31,139,143,51,45,113,104,44,37,128,137,41,32,139,150,46,32,2
46,34,133,146,46,31,139,143,46,31,133,146,44,37,128,137,41,32,139,150,44,32,139,154,52,40,2
43,31,139,146,43,31,139,143,43,31,133,139,44,29,145,150,44,29,139,150,44,27,134,146,49,32,2
43,31,139,143,43,31,133,139,46,31,133,139,44,29,139,150,44,27,134,146,44,29,134,141,46,29,2
43,31,128,135,46,34,133,132,43,31,128,135,48,37,123,125,44,34,118,129,44,37,123,129,46,32,2
43,31,128,135,43,31,128,132,46,34,118,132,44,37,123,129,48,34,123,133,48,32,128,129,46,32,2
43,31,128,132,46,34,118,132,50,51,113,103,48,34,123,133,48,32,128,129,48,37,123,125,49,34,2
46,34,118,132,50,51,113,103,71,87,104,81,48,32,128,129,48,37,123,125,59,58,104,92,46,34,2
50,51,113,103,71,87,104,81,88,103,108,88,48,37,123,125,59,58,104,92,79,91,100,79,46,34,2
88,103,108,88,88,103,108,88,88,107,108,88,79,91,100,79,88,107,109,87,88,107,113,87,49,43,3
88,103,108,88,88,107,108,88,88,107,113,85,88,107,109,87,88,107,113,87,88,107,109,87,66,71,3
88,107,108,88,88,107,113,85,88,107,113,88,88,107,113,87,88,107,109,87,88,107,109,87,82,96,3
88,107,113,88,92,107,113,88,88,103,113,85,88,107,109,87,88,107,104,83,88,107,109,87,86,104,3
92,107,113,88,88,103,113,85,88,103,108,88,88,107,104,83,88,107,109,87,88,103,109,87,86,104,3
88,103,113,85,88,103,108,88,92,107,113,88,88,107,109,87,88,103,109,87,88,111,109,87,86,104,3
88,103,108,88,92,107,113,88,88,107,113,88,88,103,109,87,88,111,109,87,93,107,113,92,86,104,3
92,107,113,88,88,107,113,88,88,107,113,88,88,111,109,87,93,107,113,92,93,107,109,87,86,109,3
88,107,118,88,88,107,113,88,88,107,108,85,88,107,113,87,93,111,109,87,93,111,109,87,90,109,3
88,107,113,88,88,107,108,85,88,107,104,88,93,111,109,87,93,111,109,87,93,107,113,92,86,109,3
88,107,108,85,88,107,113,85,84,103,108,85,88,103,113,87,84,103,104,83,84,103,104,83,90,109,3
88,107,118,92,88,107,113,88,88,107,113,88,93,111,109,92,88,107,109,87,84,107,109,92,86,104,3
88,107,113,88,88,107,113,88,88,107,108,88,88,107,109,87,84,107,109,92,88,107,109,87,86,104,3
88,107,113,88,88,107,108,88,88,107,113,92,84,107,109,92,88,107,109,87,84,107,109,92,86,104,3
88,107,108,88,88,107,113,92,92,112,122,92,88,107,109,87,84,107,109,92,88,107,113,92,86,109,3
88,112,113,85,84,99,108,85,84,103,113,88,84,103,109,87,84,103,109,83,88,103,109,87,86,109,3
84,103,113,88,88,107,113,85,88,103,108,85,88,103,109,87,88,103,109,83,88,107,109,87,82,100,3
88,107,113,85,88,103,108,85,88,107,113,88,88,103,109,83,88,107,109,87,88,111,109,92,90,104,3
88,103,108,85,88,107,113,88,88,103,113,92,88,107,109,87,88,111,109,92,84,111,113,92,90,104,3
88,107,113,88,88,103,113,92,84,107,113,88,88,111,109,92,84,111,113,92,84,107,118,92,90,109,3
84,107,113,88,88,112,113,92,92,112,118,92,84,107,118,92,88,111,123,96,93,116,118,96,90,113,3
88,112,113,92,92,112,118,92,88,103,113,85,88,111,123,96,93,116,118,96,88,111,113,87,90,113,3
92,112,118,92,88,103,113,85,88,103,108,85,93,116,118,96,88,111,113,87,88,107,109,83,95,113,3
88,103,108,85,88,107,113,88,88,107,118,88,88,107,109,83,84,103,109,83,88,103,113,87,86,104,3
88,107,113,88,88,107,118,88,88,103,118,85,84,103,109,83,88,103,113,87,88,107,109,87,86,100,3
88,107,118,88,88,103,118,85,88,99,108,85,88,103,113,87,88,107,109,87,88,103,113,87,86,104,3
88,99,108,85,84,103,108,85,88,103,113,85,88,103,113,87,88,103,109,87,84,99,104,79,82,96,3
84,103,108,85,88,103,113,85,84,99,104,81,88,103,109,87,84,99,104,79,79,91,93,71,70,79,3
80,95,91,74,76,87,96,70,68,79,83,67,71,79,77,62,75,83,85,67,75,79,89,71,66,75,7
68,79,83,67,68,79,83,67,71,75,87,67,75,79,89,71,75,79,85,71,71,79,85,67,70,79,7
68,79,83,67,71,75,87,67,71,75,79,63,75,79,85,71,71,79,85,67,75,79,81,67,70,79,7
71,75,87,67,71,75,79,63,68,79,83,67,71,79,85,67,75,79,81,67,71,79,85,62,74,83,7
71,83,91,74,76,87,91,70,76,83,87,67,75,87,89,71,75,83,89,67,75,83,85,67,70,79,7
76,87,91,70,76,83,87,67,71,79,83,67,75,83,89,67,75,83,85,67,75,83,89,71,74,87,7
76,83,87,67,71,79,83,67,71,79,79,67,75,83,85,67,75,83,89,71,75,79,89,71,74,83,7
71,79,83,67,71,79,79,67,71,83,79,63,75,83,89,71,75,79,89,71,71,79,85,67,74,83,7
88,126,134,104,88,121,128,104,93,116,123,96,86,128,133,107,90,123,127,103,90,118,122,96,92,127,3
88,121,128,104,93,116,123,96,88,111,118,92,90,123,127,103,90,118,122,96,90,109,117,89,92,122,3
88,111,118,92,88,111,113,92,88,103,109,87,90,109,117,89,86,109,112,92,90,113,122,92,92,112,3
88,111,113,92,88,103,109,87,84,107,113,87,86,109,112,92,90,113,122,92,90,109,112,92,92,112,3
88,103,109,87,84,107,113,87,84,103,104,83,90,113,122,92,90,109,112,92,86,113,112,89,92,112,3
84,99,100,79,79,99,104,79,84,95,104,79,86,109,104,85,82,100,104,81,82,100,100,81,92,108,3
84,95,104,79,84,99,100,75,79,99,100,75,82,100,100,81,82,100,96,78,78,96,100,81,83,99,3
84,99,100,75,79,99,100,75,84,91,100,75,82,100,96,78,78,96,100,81,82,96,96,78,83,95,4
67,72,96,83,59,58,104,100,51,45,113,116,56,53,108,107,49,37,122,125,43,32,127,133,46,34,2
59,58,104,100,51,45,113,116,44,34,128,129,49,37,122,125,43,32,127,133,43,34,127,133,42,32,2
51,45,113,116,44,34,128,129,44,34,123,129,43,32,127,133,43,34,127,133,43,32,122,133,42,32,2
44,34,128,129,44,34,123,129,48,37,118,121,43,34,127,133,43,32,122,133,46,29,127,136,42,32,2
51,45,113,104,44,37,128,137,41,32,139,150,46,32,122,136,52,40,112,114,52,37,117,122,42,34,2
44,37,128,137,41,32,139,150,44,32,139,154,52,40,112,114,52,37,117,122,46,29,138,151,46,37,2
41,32,139,150,44,32,139,154,44,29,145,150,52,37,117,122,46,29,138,151,49,32,138,151,52,45,2
44,32,139,154,44,29,145,150,44,29,139,150,46,29,138,151,49,32,138,151,46,29,138,151,46,40,2
44,29,139,150,44,27,134,146,44,29,134,141,46,29,138,151,46,29,133,151,46,29,138,147,42,30,2
44,27,134,146,44,29,134,141,44,32,134,137,46,29,133,151,46,29,138,147,46,29,133,140,42,30,2
44,29,134,141,44,32,134,137,48,34,128,129,46,29,138,147,46,29,133,140,46,32,127,133,42,30,2
48,34,128,129,48,37,123,125,44,34,118,129,46,32,127,133,46,32,122,125,46,34,122,125,46,32,2
48,37,123,125,44,34,118,129,44,37,123,129,46,32,122,125,46,34,122,125,46,32,117,129,46,34,2
48,34,123,133,48,32,128,129,48,37,123,125,49,34,117,129,46,34,122,129,46,34,122,125,46,34,2
59,58,104,92,79,91,100,79,88,107,109,87,49,37,117,125,49,43,117,111,66,71,100,85,46,37,2
79,91,100,79,88,107,109,87,88,107,113,87,49,43,117,111,66,71,100,85,82,96,104,81,46,37,2
88,107,109,87,88,107,113,87,88,107,109,87,66,71,100,85,82,96,104,81,90,104,108,85,52,51,3
88,107,109,87,88,107,109,87,88,107,104,83,90,104,108,85,86,104,108,85,86,104,104,85,87,99,3
88,107,109,87,88,103,109,87,88,111,109,87,86,104,112,85,86,104,108,89,86,109,104,85,87,103,3
93,107,113,92,93,107,109,87,88,107,113,87,86,109,112,85,90,109,112,89,90,109,112,89,87,108,3
93,107,109,87,88,107,113,87,93,111,109,87,90,109,112,89,90,109,112,89,86,109,112,89,92,112,3
93,107,113,92,88,103,113,87,84,103,104,83,90,113,112,89,90,109,112,89,86,109,108,89,92,108,3
88,103,113,87,84,103,104,83,84,103,104,83,90,109,112,89,86,109,108,89,86,104,108,85,87,103,3
84,103,104,83,84,103,104,83,88,107,113,87,86,109,108,89,86,104,108,85,86,104,108,89,87,108,3
84,103,104,83,88,107,113,87,93,111,109,92,86,104,108,85,86,104,108,89,86,104,112,85,87,112,3
88,107,113,87,93,111,109,92,88,107,109,87,86,104,108,89,86,104,112,85,86,104,108,89,83,103,3
93,111,109,92,88,107,109,87,84,107,109,92,86,104,112,85,86,104,108,89,86,104,108,89,83,99,3
88,107,109,87,84,107,109,92,88,107,109,87,86,104,108,89,86,104,108,89,86,109,112,89,87,103,3
88,107,109,87,84,107,109,92,88,107,113,92,86,109,112,89,82,104,112,89,86,109,112,92,87,108,3
84,107,109,92,88,107,113,92,84,103,109,87,82,104,112,89,86,109,112,92,86,109,112,89,83,103,3
84,103,109,83,88,103,109,87,88,103,109,83,82,100,104,85,82,100,104,85,90,104,108,85,87,103,3
88,107,109,87,88,111,109,92,84,111,113,92,90,104,112,85,90,109,117,85,90,109,117,92,96,112,3
88,111,109,92,84,111,113,92,84,107,118,92,90,109,117,85,90,109,117,92,90,113,112,96,92,117,3
84,107,118,92,88,111,123,96,93,116,118,96,90,113,112,96,90,113,122,96,95,113,117,96,92,108,3
88,111,123,96,93,116,118,96,88,111,113,87,90,113,122,96,95,113,117,96,95,113,112,92,92,108,3
88,111,113,87,88,107,109,83,84,103,109,83,95,113,112,92,86,104,108,85,86,100,108,81,92,99,3
88,107,109,83,84,103,109,83,88,103,113,87,86,104,108,85,86,100,108,81,86,104,108,85,83,95,3
88,103,113,87,88,107,109,87,88,103,113,87,86,104,108,85,90,109,108,85,82,96,100,78,75,84,3
88,107,109,87,88,103,113,87,88,103,109,87,90,109,108,85,82,96,100,78,70,79,84,66,75,84,7
88,103,113,87,88,103,109,87,84,99,104,79,82,96,100,78,70,79,84,66,70,75,76,63,67,73,7
84,99,104,79,79,91,93,71,71,79,77,62,70,75,76,63,70,79,80,66,66,75,80,66,67,70,7
79,91,93,71,71,79,77,62,75,83,85,67,70,79,80,66,66,75,80,66,66,71,80,63,67,73,7
71,79,77,62,75,83,85,67,75,79,89,71,66,75,80,66,66,71,80,63,70,79,84,66,71,73,7
75,79,89,71,75,79,85,71,71,79,85,67,70,79,84,66,70,79,80,70,74,83,84,70,67,73,7
75,79,85,71,71,79,85,67,75,79,81,67,70,79,80,70,74,83,84,70,74,79,80,66,63,70,7
75,79,81,67,71,79,85,62,79,87,89,71,74,79,80,66,70,75,76,63,70,75,76,63,71,77,7
71,79,85,62,79,87,89,71,75,87,89,71,70,75,76,63,70,75,76,63,70,79,84,66,67,77,7
75,83,89,67,75,83,85,67,75,83,89,71,74,87,92,74,74,83,84,66,74,83,88,70,71,88,7
75,83,89,71,75,79,89,71,71,79,85,67,74,83,88,70,74,83,84,70,74,83,80,70,67,73,7
75,79,89,71,71,79,85,67,75,83,89,67,74,83,84,70,74,83,80,70,78,87,92,74,63,66,7
90,123,133,103,86,128,133,107,90,123,127,103,87,122,130,101,92,127,135,105,92,122,130,105,89,125,3
90,123,127,103,90,118,122,96,90,109,117,89,92,122,130,105,96,117,119,94,92,112,119,90,97,125,3
90,118,122,96,90,109,117,89,86,109,112,92,96,117,119,94,92,112,119,90,92,112,114,94,93,120,3
90,109,117,89,86,109,112,92,90,113,122,92,92,112,119,90,92,112,114,94,92,112,119,94,93,115,3
86,109,112,92,90,113,122,92,90,109,112,92,92,112,114,94,92,112,119,94,92,117,119,98,89,115,3
86,113,112,89,86,109,104,85,82,100,104,81,96,112,119,94,92,108,114,90,87,103,105,83,93,115,3
86,109,104,85,82,100,104,81,82,100,100,81,92,108,114,90,87,103,105,83,83,99,101,79,97,111,3
82,100,104,81,82,100,100,81,82,100,96,78,87,103,105,83,83,99,101,79,83,95,101,79,93,106,3
82,100,96,78,78,96,100,81,82,96,96,78,83,95,101,79,79,91,105,79,71,73,101,90,74,75,4
78,96,100,81,82,96,96,78,82,91,100,74,79,91,105,79,71,73,101,90,63,57,105,101,53,49,2
82,96,96,78,82,91,100,74,74,79,96,81,71,73,101,90,63,57,105,101,52,42,119,124,47,37,2
66,63,100,92,56,53,108,107,49,37,122,125,49,37,130,131,46,34,130,135,42,32,130,135,44,34,2
56,53,108,107,49,37,122,125,43,32,127,133,46,34,130,135,42,32,130,135,42,32,124,139,44,31,2
46,29,127,136,46,32,122,136,52,40,112,114,46,32,124,139,42,34,124,135,46,37,119,131,44,34,2
46,32,122,136,52,40,112,114,52,37,117,122,42,34,124,135,46,37,119,131,52,45,110,109,44,34,2
46,29,138,151,49,32,138,151,46,29,138,151,46,40,119,139,42,30,135,157,42,30,140,150,50,43,2
46,29,138,151,46,29,133,151,46,29,138,147,42,30,140,150,42,30,135,150,42,30,130,142,42,29,2
46,29,133,140,46,32,127,133,46,32,122,125,46,30,124,135,46,32,124,131,46,34,130,131,44,34,2
46,32,122,125,46,34,122,125,46,32,117,129,46,34,130,131,49,34,124,131,46,34,119,124,42,34,2
46,32,117,129,49,34,117,129,46,34,122,129,46,34,119,124,46,34,119,131,46,37,130,127,44,34,2
49,34,117,129,46,34,122,129,46,34,122,125,46,34,119,131,46,37,130,127,46,34,124,124,47,37,2
66,71,100,85,82,96,104,81,90,104,108,85,52,51,110,98,75,84,101,79,87,99,105,83,47,40,2
82,96,104,81,90,104,108,85,86,104,108,85,75,84,101,79,87,99,105,83,87,103,110,86,57,60,3
86,104,104,85,86,104,112,85,86,104,108,89,87,103,110,86,87,103,110,86,87,103,105,86,85,106,3
86,104,108,89,86,109,104,85,86,109,112,85,87,103,105,86,87,103,114,86,87,108,119,90,89,106,3
86,109,104,85,86,109,112,85,90,109,112,89,87,103,114,86,87,108,119,90,92,112,119,90,89,111,3
86,109,112,85,90,109,112,89,90,109,112,89,87,108,119,90,92,112,119,90,92,108,110,90,93,106,3
90,109,112,89,90,109,112,89,86,109,112,89,92,112,119,90,92,108,110,90,92,112,119,90,93,106,3
90,109,112,89,86,109,112,89,90,113,112,92,92,108,110,90,92,112,119,90,92,108,119,94,93,111,3
90,113,112,92,90,113,112,89,90,109,112,89,92,108,119,94,92,108,110,86,87,103,105,86,93,111,3
90,113,112,89,90,109,112,89,86,109,108,89,92,108,110,86,87,103,105,86,87,108,110,86,89,106,3
90,109,112,89,86,109,108,89,86,104,108,85,87,103,105,86,87,108,110,86,87,112,114,90,89,106,3
86,109,108,89,86,104,108,85,86,104,108,89,87,108,110,86,87,112,114,90,83,103,105,83,89,106,3
86,104,108,85,86,104,108,89,86,104,112,85,87,112,114,90,83,103,105,83,83,99,110,86,89,106,3
86,104,112,85,86,104,108,89,86,104,108,89,83,99,110,86,87,103,105,86,83,103,110,90,89,106,3
86,104,108,89,86,104,108,89,86,109,112,89,87,103,105,86,83,103,110,90,87,108,110,90,85,106,3
86,104,108,89,86,109,112,89,82,104,112,89,83,103,110,90,87,108,110,90,83,103,105,90,89,111,3
82,104,112,89,86,109,112,92,86,109,112,89,83,103,105,90,87,108,110,90,92,108,114,86,85,106,3
86,109,112,92,86,109,112,89,82,100,104,85,87,108,110,90,92,108,114,86,87,103,105,86,89,111,3
86,109,112,89,82,100,104,85,82,100,104,85,92,108,114,86,87,103,105,86,87,103,105,83,89,111,3
90,104,108,85,90,104,112,85,90,109,117,85,92,112,114,90,96,112,114,94,92,117,124,98,97,120,3
90,104,112,85,90,109,117,85,90,109,117,92,96,112,114,94,92,117,124,98,92,117,119,94,93,115,3
90,113,112,96,90,113,122,96,95,113,117,96,92,108,114,94,92,108,114,90,92,103,110,86,85,97,3
90,113,122,96,95,113,117,96,95,113,112,92,92,108,114,90,92,103,110,86,92,99,101,83,82,92,3
86,104,108,85,86,100,108,81,86,104,108,85,83,95,101,79,75,91,93,72,75,84,93,72,67,79,7
82,96,100,78,70,79,84,66,70,75,76,63,67,73,79,60,63,66,72,60,67,70,72,60,67,71,7
70,79,84,66,70,75,76,63,70,79,80,66,63,66,72,60,67,70,72,60,67,73,75,60,63,67,7
70,79,80,66,66,75,80,66,66,71,80,63,67,73,75,60,71,73,75,60,71,73,79,64,67,75,7
66,71,80,63,70,79,84,66,70,79,80,70,71,73,79,64,67,73,72,60,63,70,75,57,70,84,7
70,79,84,66,70,79,80,70,74,83,84,70,67,73,72,60,63,70,75,57,71,77,82,64,67,75,7
70,79,80,70,74,83,84,70,74,79,80,66,63,70,75,57,71,77,82,64,71,77,82,64,63,63,7
74,83,84,70,74,79,80,66,70,75,76,63,71,77,82,64,71,77,82,64,67,77,79,64,67,71,7
70,75,76,63,70,75,76,63,70,79,84,66,67,77,79,64,71,77,75,64,71,77,82,68,78,84,7
70,75,76,63,70,79,84,66,74,87,92,74,71,77,75,64,71,77,82,68,71,88,93,72,74,88,7
70,79,84,66,74,87,92,74,74,83,84,66,71,77,82,68,71,88,93,72,75,84,90,68,70,79,7
74,87,92,74,74,83,84,66,74,83,88,70,71,88,93,72,75,84,90,68,67,73,75,60,67,79,7
74,83,84,66,74,83,88,70,74,83,84,70,75,84,90,68,67,73,75,60,63,66,72,57,67,79,7
74,83,88,70,74,83,84,70,74,83,80,70,67,73,75,60,63,66,72,57,63,70,72,60,67,75,7
87,122,130,101,92,127,135,105,92,122,130,105,89,125,129,104,93,125,129,104,97,125,124,101,88,125,3
92,122,130,105,96,117,119,94,92,112,119,90,97,125,124,101,93,120,124,94,93,115,119,94,97,115,3
96,117,119,94,92,112,119,90,92,112,114,94,93,120,124,94,93,115,119,94,89,115,119,90,92,115,3
92,112,119,90,92,112,114,94,92,112,119,94,93,115,119,94,89,115,119,90,89,115,114,94,88,111,3
92,112,114,94,92,112,119,94,92,117,119,98,89,115,119,90,89,115,114,94,93,115,124,97,88,102,3
92,112,119,94,92,117,119,98,96,112,119,94,89,115,114,94,93,115,124,97,93,115,119,94,84,106,3
96,112,119,94,92,108,114,90,87,103,105,83,93,115,119,94,97,111,119,94,93,106,114,90,92,111,3
92,108,114,90,87,103,105,83,83,99,101,79,97,111,119,94,93,106,114,90,89,106,101,80,88,111,3
87,103,105,83,83,99,101,79,83,95,101,79,93,106,114,90,89,106,101,80,74,75,97,83,92,106,3
83,99,101,79,83,95,101,79,79,91,105,79,89,106,101,80,74,75,97,83,53,49,114,108,88,102,2
83,95,101,79,79,91,105,79,71,73,101,90,74,75,97,83,53,49,114,108,47,37,119,126,76,77,2
79,91,105,79,71,73,101,90,63,57,105,101,53,49,114,108,47,37,119,126,44,31,124,133,53,40,2
71,73,101,90,63,57,105,101,52,42,119,124,47,37,119,126,44,31,124,133,44,31,129,140,44,29,2
63,57,105,101,52,42,119,124,49,37,130,131,44,31,124,133,44,31,129,140,44,34,129,143,47,34,2
52,42,119,124,49,37,130,131,46,34,130,135,44,31,129,140,44,34,129,143,44,31,129,140,50,31,2
49,37,130,131,46,34,130,135,42,32,130,135,44,34,129,143,44,31,129,140,44,34,124,133,47,31,2
42,32,130,135,42,32,124,139,42,32,135,139,44,34,124,133,44,34,124,136,44,34,129,140,47,31,2
42,32,135,139,42,32,130,135,46,32,124,139,44,34,129,140,44,31,124,140,44,34,119,136,47,34,2
46,32,124,139,42,34,124,135,46,37,119,131,44,34,119,136,44,34,129,136,44,31,124,136,47,31,2
42,34,124,135,46,37,119,131,52,45,110,109,44,34,129,136,44,31,124,136,44,37,119,126,44,31,2
46,37,119,131,52,45,110,109,46,40,119,139,44,31,124,136,44,37,119,126,50,43,110,115,44,31,2
52,45,110,109,46,40,119,139,42,30,135,157,44,37,119,126,50,43,110,115,44,34,129,143,44,31,2
46,40,119,139,42,30,135,157,42,30,140,150,50,43,110,115,44,34,129,143,42,29,135,150,50,40,2
42,30,140,150,42,30,135,150,42,30,130,142,42,29,135,150,44,29,124,143,44,34,129,143,44,31,2
42,30,135,150,42,30,130,142,46,30,124,135,44,29,124,143,44,34,129,143,44,34,124,143,44,29,2
46,30,124,135,46,32,124,131,46,34,130,131,44,34,124,143,44,34,119,136,42,34,119,129,44,31,2
46,32,124,131,46,34,130,131,49,34,124,131,44,34,119,136,42,34,119,129,44,34,114,129,44,31,2
46,34,130,131,49,34,124,131,46,34,119,124,42,34,119,129,44,34,114,129,44,34,114,126,44,31,2
46,34,119,124,46,34,119,131,46,37,130,127,44,34,114,126,47,37,114,126,47,34,119,126,44,34,2
46,34,119,131,46,37,130,127,46,34,124,124,47,37,114,126,47,34,119,126,47,34,114,126,47,34,2
46,37,130,127,46,34,124,124,46,37,119,127,47,34,119,126,47,34,114,126,47,34,114,122,47,37,2
46,34,124,124,46,37,119,127,46,37,119,124,47,34,114,126,47,34,114,122,47,37,114,126,44,34,2
46,37,119,127,46,37,119,124,52,51,110,98,47,34,114,122,47,37,114,126,47,40,114,115,47,37,2
46,37,119,124,52,51,110,98,75,84,101,79,47,37,114,126,47,40,114,115,57,60,105,94,44,37,2
52,51,110,98,75,84,101,79,87,99,105,83,47,40,114,115,57,60,105,94,82,92,101,80,44,37,2
87,99,105,83,87,103,110,86,87,103,110,86,82,92,101,80,85,102,105,83,85,106,110,90,64,69,3
87,103,110,86,87,103,110,86,87,103,105,86,85,106,110,90,89,106,114,90,89,106,110,90,84,102,3
87,103,110,86,87,103,105,86,87,103,114,86,89,106,114,90,89,106,110,90,89,111,110,87,88,106,3
87,103,114,86,87,108,119,90,92,112,119,90,89,111,110,87,93,106,114,87,93,106,114,90,88,102,3
92,112,119,90,92,108,110,90,92,112,119,90,93,106,114,90,93,111,119,94,93,111,114,90,88,111,3
92,108,110,90,92,112,119,90,92,108,119,94,93,111,119,94,93,111,114,90,93,111,114,90,92,115,3
92,108,119,94,92,108,110,86,87,103,105,86,93,111,114,90,89,106,114,83,89,106,114,87,92,106,3
87,103,105,86,87,108,110,86,87,112,114,90,89,106,114,87,89,106,110,87,89,106,114,90,92,111,3
87,108,110,86,87,112,114,90,83,103,105,83,89,106,110,87,89,106,114,90,89,106,114,87,97,111,3
87,112,114,90,83,103,105,83,83,99,110,86,89,106,114,90,89,106,114,87,89,106,105,87,92,111,3
83,103,110,90,87,108,110,90,83,103,105,90,89,111,105,90,89,111,110,90,85,106,110,87,92,111,3
92,108,114,86,87,103,105,86,87,103,105,83,89,111,110,90,89,106,114,90,89,111,114,94,92,111,3
87,103,105,86,87,103,105,83,92,112,114,90,89,106,114,90,89,111,114,94,97,120,119,97,92,111,3
87,103,105,83,92,112,114,90,96,112,114,94,89,111,114,94,97,120,119,97,93,115,114,90,92,115,3
92,112,114,90,96,112,114,94,92,117,124,98,97,120,119,97,93,115,114,90,89,111,114,94,92,120,3
92,117,119,94,92,108,114,94,92,108,114,90,89,111,110,90,85,97,105,80,82,92,97,76,76,85,3
92,108,114,90,92,103,110,86,92,99,101,83,82,92,97,76,78,88,89,73,70,84,82,65,60,69,5
92,103,110,86,92,99,101,83,83,95,101,79,78,88,89,73,70,84,82,65,67,79,78,62,60,66,5
83,95,101,79,75,91,93,72,75,84,93,72,67,79,78,62,63,71,78,58,67,71,78,58,64,66,5
75,91,93,72,75,84,93,72,75,84,90,68,63,71,78,58,67,71,78,58,67,75,82,62,64,62,5
75,84,93,72,75,84,90,68,67,73,79,60,67,71,78,58,67,75,82,62,67,71,74,58,60,62,7
75,84,90,68,67,73,79,60,63,66,72,60,67,75,82,62,67,71,74,58,63,67,70,55,60,62,7
67,73,79,60,63,66,72,60,67,70,72,60,67,71,74,58,63,67,70,55,67,71,70,58,64,69,7
63,66,72,60,67,70,72,60,67,73,75,60,63,67,70,55,67,71,70,58,67,75,82,69,64,66,7
67,73,75,60,71,73,75,60,71,73,79,64,67,75,82,69,70,84,93,76,70,84,85,69,68,81,7
71,77,82,64,67,77,79,64,71,77,75,64,70,79,82,62,78,84,89,73,74,88,89,69,72,77,7
67,77,79,64,71,77,75,64,71,77,82,68,78,84,89,73,74,88,89,69,70,79,85,65,76,81,7
71,77,75,64,71,77,82,68,71,88,93,72,74,88,89,69,70,79,85,65,67,79,82,65,76,85,7
71,77,82,68,71,88,93,72,75,84,90,68,70,79,85,65,67,79,82,65,67,79,78,65,76,77,7
71,88,93,72,75,84,90,68,67,73,75,60,67,79,82,65,67,79,78,65,67,75,74,62,72,77,7
75,84,90,68,67,73,75,60,63,66,72,57,67,79,78,65,67,75,74,62,67,67,70,55,68,69,7
67,73,75,60,63,66,72,57,63,70,72,60,67,75,74,62,67,67,70,55,60,63,70,58,64,69,7
89,125,129,104,93,125,129,104,97,125,124,101,88,125,125,102,92,120,120,98,97,115,120,94,92,116,3
97,125,124,101,93,120,124,94,93,115,119,94,97,115,120,94,92,115,115,94,88,111,115,91,88,107,3
93,115,119,94,89,115,119,90,89,115,114,94,88,111,115,91,88,102,111,87,84,106,111,91,84,107,3
89,115,119,90,89,115,114,94,93,115,124,97,88,102,111,87,84,106,111,91,88,111,115,91,84,112,3
93,115,119,94,97,111,119,94,93,106,114,90,92,111,115,91,88,111,111,87,92,106,115,91,92,112,3
97,111,119,94,93,106,114,90,89,106,101,80,88,111,111,87,92,106,115,91,88,102,111,83,88,107,3
93,106,114,90,89,106,101,80,74,75,97,83,92,106,115,91,88,102,111,83,76,77,102,83,88,103,3
89,106,101,80,74,75,97,83,53,49,114,108,88,102,111,83,76,77,102,83,53,40,115,116,84,95,2
74,75,97,83,53,49,114,108,47,37,119,126,76,77,102,83,53,40,115,116,44,29,125,135,80,95,2
53,49,114,108,47,37,119,126,44,31,124,133,53,40,115,116,44,29,125,135,47,34,125,135,64,64,2
44,31,124,133,44,31,129,140,44,34,129,143,47,34,125,135,50,31,131,135,47,31,125,135,46,31,2
44,34,129,143,44,31,129,140,44,34,124,133,47,31,125,135,44,31,125,135,47,31,131,135,46,31,2
44,34,124,133,44,34,124,136,44,34,129,140,47,31,131,135,44,34,131,139,47,34,136,139,43,31,2
44,34,129,140,44,31,124,140,44,34,119,136,47,34,136,139,47,31,125,139,47,31,125,135,46,31,2
44,31,124,140,44,34,119,136,44,34,129,136,47,31,125,139,47,31,125,135,44,31,125,135,46,31,2
44,31,124,136,44,37,119,126,50,43,110,115,44,31,125,135,44,31,120,131,50,40,115,113,46,34,2
44,37,119,126,50,43,110,115,44,34,129,143,44,31,120,131,50,40,115,113,50,46,111,116,46,36,2
50,43,110,115,44,34,129,143,42,29,135,150,50,40,115,113,50,46,111,116,44,31,131,142,46,39,2
42,29,135,150,44,29,124,143,44,34,129,143,44,31,131,142,44,29,136,146,44,31,136,142,50,36,2
44,34,129,143,44,34,124,143,44,34,119,136,44,31,136,142,44,31,136,139,44,31,131,135,46,29,2
44,34,124,143,44,34,119,136,42,34,119,129,44,31,136,139,44,31,131,135,44,31,120,131,46,31,2
44,34,119,136,42,34,119,129,44,34,114,129,44,31,131,135,44,31,120,131,44,31,120,128,46,31,2
42,34,119,129,44,34,114,129,44,34,114,126,44,31,120,131,44,31,120,128,44,34,115,124,46,34,2
47,34,119,126,47,34,114,126,47,34,114,122,47,37,120,124,44,34,120,120,47,37,120,124,46,34,2
82,92,101,80,85,102,105,83,85,106,110,90,64,69,102,79,80,98,102,79,84,102,102,87,53,51,3
85,102,105,83,85,106,110,90,89,106,114,90,80,98,102,79,84,102,102,87,88,106,111,87,71,83,3
85,106,110,90,89,106,114,90,89,106,110,90,84,102,102,87,88,106,111,87,88,106,111,87,84,99,3
89,111,110,87,93,106,114,87,93,106,114,90,88,102,106,87,88,102,111,83,88,111,111,91,88,107,3
93,106,114,90,93,111,119,94,93,111,114,90,88,111,111,91,92,115,115,91,88,111,115,91,88,103,3
93,111,119,94,93,111,114,90,93,111,114,90,92,115,115,91,88,111,115,91,92,106,115,87,88,107,3
93,111,114,90,93,111,114,90,89,106,114,83,88,111,115,91,92,106,115,87,88,111,111,91,92,107,3
89,106,114,83,89,106,114,87,89,106,110,87,88,111,111,91,92,111,115,91,97,111,120,91,92,112,3
89,106,114,87,89,106,110,87,89,106,114,90,92,111,115,91,97,111,120,91,92,111,111,87,92,112,3
89,106,110,87,89,106,114,90,89,106,114,87,97,111,120,91,92,111,111,87,88,111,115,87,92,112,3
89,111,105,90,89,111,110,90,85,106,110,87,92,111,115,87,88,106,111,87,88,106,111,87,92,103,3
89,111,110,90,85,106,110,87,89,111,114,94,88,106,111,87,88,106,111,87,92,106,111,91,88,107,3
85,106,110,87,89,111,114,94,89,111,110,90,88,106,111,87,92,106,111,91,92,111,115,91,92,107,3
89,111,114,94,89,111,110,90,89,106,114,90,92,106,111,91,92,111,115,91,92,111,120,91,92,112,3
89,106,114,90,89,111,114,94,97,120,119,97,92,111,120,91,92,115,120,94,92,120,120,94,92,112,3
89,111,114,94,97,120,119,97,93,115,114,90,92,115,120,94,92,120,120,94,92,106,111,87,88,107,3
97,120,119,97,93,115,114,90,89,111,114,94,92,120,120,94,92,106,111,87,80,98,102,76,88,103,3
89,111,114,94,89,111,110,90,85,97,105,80,80,98,102,76,76,85,90,68,64,77,78,61,68,71,5
89,111,110,90,85,97,105,80,82,92,97,76,76,85,90,68,64,77,78,61,60,69,67,54,60,57,5
82,92,97,76,78,88,89,73,70,84,82,65,60,69,67,54,60,66,67,57,64,69,71,57,53,54,5
78,88,89,73,70,84,82,65,67,79,78,62,60,66,67,57,64,69,71,57,64,66,67,54,56,57,5
70,84,82,65,67,79,78,62,63,71,78,58,64,69,71,57,64,66,67,54,64,62,71,50,60,57,5
67,71,78,58,67,75,82,62,67,71,74,58,60,62,67,50,60,62,67,54,64,69,74,61,56,54,7
67,75,82,62,67,71,74,58,63,67,70,55,60,62,67,54,64,69,74,61,64,66,67,54,53,57,7
63,67,70,55,67,71,70,58,67,75,82,69,64,66,67,54,64,69,74,61,68,81,86,72,64,68,7
67,71,70,58,67,75,82,69,70,84,93,76,64,69,74,61,68,81,86,72,72,81,90,76,64,68,7
70,84,85,69,67,75,78,58,63,63,74,58,72,81,86,68,64,73,74,61,64,69,71,61,71,79,7
67,75,78,58,63,63,74,58,67,71,74,65,64,73,74,61,64,69,71,61,68,73,82,65,71,79,7
67,71,74,65,70,79,82,62,78,84,89,73,68,73,82,65,72,77,82,68,76,81,90,76,71,79,7
70,79,82,62,78,84,89,73,74,88,89,69,72,77,82,68,76,81,90,76,76,85,90,72,71,79,7
78,84,89,73,74,88,89,69,70,79,85,65,76,81,90,76,76,85,90,72,76,77,90,68,71,83,7
74,88,89,69,70,79,85,65,67,79,82,65,76,85,90,72,76,77,90,68,72,77,78,61,68,75,7
67,79,82,65,67,79,78,65,67,75,74,62,72,77,78,61,68,69,71,57,64,69,74,57,71,79,7
67,79,78,65,67,75,74,62,67,67,70,55,68,69,71,57,64,69,74,57,68,69,74,57,68,75,7
67,75,74,62,67,67,70,55,60,63,70,58,64,69,74,57,68,69,74,57,64,66,67,54,68,68,7
67,67,70,55,60,63,70,58,63,67,70,58,68,69,74,57,64,66,67,54,64,66,71,57,64,71,7
97,115,120,94,92,115,115,94,88,111,115,91,88,107,113,88,88,107,113,88,84,107,113,88,88,111,3
92,115,115,94,88,111,115,91,88,102,111,87,88,107,113,88,84,107,113,88,84,112,113,88,88,111,3
88,111,115,91,88,102,111,87,84,106,111,91,84,107,113,88,84,112,113,88,88,107,113,88,84,111,3
84,106,111,91,88,111,115,91,92,111,115,91,88,107,113,88,92,112,113,88,92,112,118,88,93,111,3
88,111,111,87,92,106,115,91,88,102,111,83,88,107,113,88,88,103,108,85,84,95,100,85,88,107,3
76,77,102,83,53,40,115,116,44,29,125,135,80,95,100,74,64,64,104,96,46,36,122,139,84,95,2
44,29,125,135,47,34,125,135,50,31,131,135,46,36,122,139,46,31,128,135,46,31,128,135,55,51,2
47,34,125,135,50,31,131,135,47,31,125,135,46,31,128,135,46,31,128,135,46,31,133,143,44,37,2
50,31,131,135,47,31,125,135,44,31,125,135,46,31,128,135,46,31,133,143,46,31,139,143,44,32,2
47,31,125,139,47,31,125,135,44,31,125,135,46,31,139,143,50,31,133,135,50,31,128,132,44,32,2
44,31,125,135,44,31,125,135,44,31,120,131,50,31,128,132,46,34,128,135,46,36,128,132,48,34,2
44,31,125,135,44,31,120,131,50,40,115,113,46,34,128,135,46,36,128,132,46,39,122,121,48,32,2
44,31,120,131,50,40,115,113,50,46,111,116,46,36,128,132,46,39,122,121,53,45,108,103,48,34,2
50,40,115,113,50,46,111,116,44,31,131,142,46,39,122,121,53,45,108,103,50,36,118,128,48,37,2
44,31,131,142,44,29,136,146,44,31,136,142,50,36,118,128,43,31,139,143,46,29,133,139,51,45,2
44,31,120,131,44,31,120,128,44,34,115,124,46,34,122,128,46,34,122,125,46,36,122,121,44,32,2
44,34,115,124,47,34,115,120,47,37,120,124,46,36,122,121,46,36,118,125,46,34,118,121,44,32,2
47,34,115,120,47,37,120,124,44,34,120,120,46,36,118,125,46,34,118,121,43,36,118,121,48,34,2
47,37,120,124,44,34,120,120,47,37,120,124,46,34,118,121,43,36,118,121,46,36,118,128,51,37,2
47,37,120,124,44,37,120,124,44,37,115,120,46,36,118,128,46,34,122,125,50,34,118,125,48,37,2
44,37,120,124,44,37,115,120,50,40,111,109,46,34,122,125,50,34,118,125,50,36,118,128,48,34,2
44,37,115,120,50,40,111,109,64,69,102,79,50,34,118,125,50,36,118,128,53,51,113,103,48,37,2
50,40,111,109,64,69,102,79,80,98,102,79,50,36,118,128,53,51,113,103,71,83,100,78,48,34,2
80,98,102,79,84,102,102,87,88,106,111,87,71,83,100,78,84,99,104,85,84,103,113,88,63,58,3
84,102,102,87,88,106,111,87,88,106,111,87,84,99,104,85,84,103,113,88,88,107,118,88,79,95,3
88,106,111,87,88,106,111,87,88,102,106,87,84,103,113,88,88,107,118,88,88,107,108,88,88,107,3
88,102,106,87,88,102,111,83,88,111,111,91,88,107,108,88,88,103,104,85,88,103,113,85,88,107,3
88,102,111,83,88,111,111,91,92,115,115,91,88,103,104,85,88,103,113,85,88,107,108,88,88,103,3
88,111,111,91,92,115,115,91,88,111,115,91,88,103,113,85,88,107,108,88,92,107,113,92,88,107,3
88,111,115,91,92,106,115,87,88,111,111,91,92,107,113,92,92,112,118,88,92,112,113,92,93,107,3
97,111,120,91,92,111,111,87,88,111,115,87,92,112,118,92,92,107,118,88,88,112,118,88,93,111,3
92,111,111,87,88,111,115,87,88,111,115,87,92,107,118,88,88,112,118,88,88,107,113,85,93,111,3
88,111,115,87,88,111,115,87,88,111,115,87,88,112,118,88,88,107,113,85,88,107,113,88,93,111,3
88,111,115,87,88,111,115,87,92,111,115,87,88,107,113,85,88,107,113,88,92,103,113,88,88,111,3
88,111,115,87,92,111,115,87,88,106,111,87,88,107,113,88,92,103,113,88,88,107,108,92,88,107,3
92,111,115,87,88,106,111,87,88,106,111,87,92,103,113,88,88,107,108,92,92,107,108,88,93,111,3
88,106,111,87,92,106,111,91,92,111,115,91,92,107,108,88,92,112,113,88,92,112,118,92,88,107,3
92,106,111,91,92,111,115,91,92,111,120,91,92,112,113,88,92,112,118,92,92,112,118,96,93,111,3
92,111,120,91,92,115,120,94,92,120,120,94,92,112,118,96,88,107,122,88,88,103,108,85,84,95,3
92,115,120,94,92,120,120,94,92,106,111,87,88,107,122,88,88,103,108,85,80,87,91,67,79,87,7
92,106,111,87,80,98,102,76,76,85,90,68,80,87,91,67,68,71,75,59,60,57,60,45,75,75,5
80,98,102,76,76,85,90,68,64,77,78,61,68,71,75,59,60,57,60,45,53,54,53,38,63,61,5
60,69,67,54,60,66,67,57,64,69,71,57,53,54,53,34,56,57,56,45,60,57,67,49,59,54,5
60,66,67,57,64,69,71,57,64,66,67,54,56,57,56,45,60,57,67,49,60,57,67,49,55,54,5
64,69,71,57,64,66,67,54,64,62,71,50,60,57,67,49,60,57,67,49,56,54,67,49,59,51,5
64,66,67,54,64,62,71,50,60,62,67,50,60,57,67,49,56,54,67,49,56,54,67,52,59,51,5
64,62,71,50,60,62,67,50,60,62,67,54,56,54,67,49,56,54,67,52,53,57,67,52,55,54,5
60,62,67,50,60,62,67,54,64,69,74,61,56,54,67,52,53,57,67,52,60,64,75,63,55,54,5
60,62,67,54,64,69,74,61,64,66,67,54,53,57,67,52,60,64,75,63,64,68,79,59,55,54,7
64,69,74,61,64,66,67,54,64,69,74,61,60,64,75,63,64,68,79,59,64,68,71,56,55,58,7
64,66,67,54,64,69,74,61,68,81,86,72,64,68,79,59,64,68,71,56,64,71,75,63,63,68,7
64,69,74,61,68,81,86,72,72,81,90,76,64,68,71,56,64,71,75,63,68,79,79,67,67,72,7
72,81,90,76,72,81,86,68,64,73,74,61,68,79,79,67,71,79,79,63,71,79,79,67,67,75,7
72,81,86,68,64,73,74,61,64,69,71,61,71,79,79,63,71,79,79,67,68,83,83,67,71,79,7
68,73,82,65,72,77,82,68,76,81,90,76,71,79,87,70,71,79,87,70,71,83,87,70,75,83,7
76,81,90,76,76,85,90,72,76,77,90,68,71,83,87,70,68,75,79,67,71,75,79,63,71,75,7
76,77,90,68,72,77,78,61,68,69,71,57,71,75,79,63,71,79,79,63,68,75,75,59,67,72,7
64,69,74,57,68,69,74,57,64,66,67,54,68,68,71,56,64,71,79,59,68,71,71,59,63,68,7
68,69,74,57,64,66,67,54,64,66,71,57,64,71,79,59,68,71,71,59,64,68,71,59,67,72,7
92,116,122,92,92,116,118,92,88,107,113,88,93,116,118,96,93,111,118,92,88,111,113,92,90,113,3
88,107,113,88,88,107,113,88,84,107,113,88,88,111,113,92,88,111,113,92,84,111,113,92,95,109,3
84,107,113,88,84,112,113,88,88,107,113,88,84,111,113,92,84,111,118,92,93,111,113,92,95,113,3
88,107,113,88,92,112,113,88,92,112,118,88,93,111,113,92,93,111,113,92,93,111,118,92,95,118,3
92,112,118,88,88,107,113,88,88,103,108,85,93,111,118,92,88,107,109,87,88,95,104,83,95,113,3
88,103,108,85,84,95,100,85,80,95,100,74,88,95,104,83,84,99,100,79,84,95,96,79,82,96,4
84,95,100,85,80,95,100,74,64,64,104,96,84,99,100,79,84,95,96,79,71,83,93,79,82,96,4
46,31,128,135,46,31,128,135,46,31,133,143,44,37,134,137,44,32,139,141,44,34,139,146,63,56,2
46,31,128,135,46,31,133,143,46,31,139,143,44,32,139,141,44,34,139,146,44,29,134,146,46,34,2
43,31,133,143,43,29,133,143,46,31,133,150,44,34,139,146,44,32,134,141,48,32,134,141,46,32,2
46,31,139,143,50,31,133,135,50,31,128,132,44,32,134,137,44,32,134,137,48,34,128,133,46,32,2
50,31,133,135,50,31,128,132,46,34,128,135,44,32,134,137,48,34,128,133,48,32,134,133,46,32,2
46,36,128,132,46,39,122,121,53,45,108,103,48,34,123,133,48,37,118,125,48,40,118,112,46,34,2
46,39,122,121,53,45,108,103,50,36,118,128,48,37,118,125,48,40,118,112,51,45,104,100,49,32,2
53,45,108,103,50,36,118,128,43,31,139,143,48,40,118,112,51,45,104,100,48,37,123,129,46,32,2
43,31,139,143,46,29,133,139,46,31,133,135,48,37,123,129,44,32,128,137,44,32,123,129,52,43,2
46,29,133,139,46,31,133,135,46,31,122,132,44,32,128,137,44,32,123,129,44,34,128,129,49,37,2
46,31,133,135,46,31,122,132,46,34,122,128,44,32,123,129,44,34,128,129,44,32,128,125,43,29,2
46,31,122,132,46,34,122,128,46,34,122,125,44,34,128,129,44,32,128,125,48,29,123,125,46,29,2
46,34,122,128,46,34,122,125,46,36,122,121,44,32,128,125,48,29,123,125,44,32,113,121,46,29,2
46,34,122,125,46,36,122,121,46,36,118,125,48,29,123,125,44,32,113,121,48,34,118,112,46,32,2
46,36,122,121,46,36,118,125,46,34,118,121,44,32,113,121,48,34,118,112,51,37,118,112,46,34,2
46,36,118,125,46,34,118,121,43,36,118,121,48,34,118,112,51,37,118,112,48,40,113,112,46,34,2
46,34,118,121,43,36,118,121,46,36,118,128,51,37,118,112,48,40,113,112,48,37,113,116,46,34,2
46,34,122,125,50,34,118,125,50,36,118,128,48,34,123,125,48,37,118,125,48,34,123,125,49,34,2
50,34,118,125,50,36,118,128,53,51,113,103,48,37,118,125,48,34,123,125,48,37,118,121,52,34,2
84,99,104,85,84,103,113,88,88,107,118,88,79,95,100,79,88,107,109,87,88,111,109,92,52,49,3
84,103,113,88,88,107,118,88,88,107,108,88,88,107,109,87,88,111,109,92,88,107,113,87,74,79,3
88,103,104,85,88,103,113,85,88,107,108,88,88,103,104,83,88,107,109,87,93,107,113,92,90,104,3
88,107,108,88,92,107,113,92,92,112,118,88,93,107,113,92,93,107,113,87,88,111,118,87,90,109,3
92,112,118,88,92,112,113,92,92,112,118,92,88,111,118,87,88,111,118,96,93,111,118,96,90,113,3
92,112,113,92,92,112,118,92,92,112,118,92,88,111,118,96,93,111,118,96,93,111,118,92,90,109,3
92,112,118,92,92,112,118,92,92,107,118,88,93,111,118,96,93,111,118,92,93,111,118,92,90,113,3
92,112,118,92,92,107,118,88,88,112,118,88,93,111,118,92,93,111,118,92,93,111,118,92,95,113,3
92,107,118,88,88,112,118,88,88,107,113,85,93,111,118,92,93,111,118,92,88,111,118,92,90,109,3
88,112,118,88,88,107,113,85,88,107,113,88,93,111,118,92,88,111,118,92,88,107,113,92,90,118,3
88,107,113,85,88,107,113,88,92,103,113,88,88,111,118,92,88,107,113,92,93,111,118,87,90,113,3
88,107,113,88,92,103,113,88,88,107,108,92,88,107,113,92,93,111,118,87,88,107,109,87,90,113,3
88,107,108,92,92,107,108,88,92,112,113,88,88,107,109,87,88,107,109,87,93,111,113,87,90,113,3
92,112,113,88,92,112,118,92,92,112,118,96,93,111,113,87,88,103,113,83,84,95,100,83,86,104,3
92,112,118,92,92,112,118,96,88,107,122,88,88,103,113,83,84,95,100,83,79,87,96,75,78,96,7
88,107,122,88,88,103,108,85,80,87,91,67,79,87,96,75,75,79,89,67,75,75,74,58,74,87,7
80,87,91,67,68,71,75,59,60,57,60,45,75,75,74,58,63,61,63,42,55,51,50,29,70,79,5
56,57,56,45,60,57,67,49,60,57,67,49,55,54,63,46,59,51,67,46,59,51,67,50,59,56,5
60,57,67,49,60,57,67,49,56,54,67,49,59,51,67,46,59,51,67,50,55,54,67,50,59,53,5
56,54,67,52,53,57,67,52,60,64,75,63,55,54,60,46,55,54,67,50,55,58,70,54,59,56,5
53,57,67,52,60,64,75,63,64,68,79,59,55,54,67,50,55,58,70,54,63,68,77,62,59,49,5
68,79,79,67,71,79,79,63,71,79,79,67,67,75,74,62,71,79,85,67,71,87,96,75,63,71,7
71,79,79,63,71,79,79,67,68,83,83,67,71,79,85,67,71,87,96,75,75,91,96,79,63,67,7
68,83,83,67,71,79,87,70,71,79,87,70,75,91,96,79,75,83,89,71,71,79,85,67,70,79,7
71,79,87,70,71,83,87,70,68,75,79,67,71,79,85,67,71,75,85,67,71,75,74,62,70,71,7
71,83,87,70,68,75,79,67,71,75,79,63,71,75,85,67,71,75,74,62,67,72,70,58,63,67,7
68,75,79,67,71,75,79,63,71,79,79,63,71,75,74,62,67,72,70,58,67,72,74,58,59,63,7
71,75,79,63,71,79,79,63,68,75,75,59,67,72,70,58,67,72,74,58,63,68,74,58,59,63,7
71,79,79,63,68,75,75,59,68,68,71,56,67,72,74,58,63,68,74,58,63,68,74,58,63,67,7
64,71,79,59,68,71,71,59,64,68,71,59,67,72,74,62,71,75,77,67,71,75,74,62,66,71,7
93,116,118,96,93,111,118,92,88,111,113,92,90,113,122,96,95,109,112,89,95,109,117,85,101,112,3
88,111,113,92,88,111,113,92,84,111,113,92,95,109,117,85,90,113,117,92,95,113,117,92,92,112,3
84,111,113,92,84,111,118,92,93,111,113,92,95,113,117,92,95,118,117,96,95,118,122,96,96,117,3
93,111,118,92,88,107,109,87,88,95,104,83,95,113,117,96,86,104,108,89,82,96,104,78,92,99,3
88,107,109,87,88,95,104,83,84,99,100,79,86,104,108,89,82,96,104,78,82,96,104,81,83,99,4
88,95,104,83,84,99,100,79,84,95,96,79,82,96,104,78,82,96,104,81,82,96,100,81,79,91,4
84,99,100,79,84,95,96,79,71,83,93,79,82,96,104,81,82,96,100,81,82,91,92,78,83,91,4
71,83,93,79,55,51,113,108,44,37,134,137,82,91,92,78,78,83,96,74,63,56,108,103,79,95,2
55,51,113,108,44,37,134,137,44,32,139,141,78,83,96,74,63,56,108,103,46,34,127,144,79,95,2
44,37,134,137,44,32,139,141,44,34,139,146,63,56,108,103,46,34,127,144,43,32,133,144,71,77,2
44,32,139,141,44,34,139,146,44,29,134,146,46,34,127,144,43,32,133,144,43,32,138,144,56,42,2
44,34,139,146,44,29,134,146,44,34,139,146,43,32,133,144,43,32,138,144,46,32,138,144,42,32,2
44,29,134,146,44,34,139,146,44,32,134,141,43,32,138,144,46,32,138,144,46,32,138,144,42,34,2
44,34,139,146,44,32,134,141,48,32,134,141,46,32,138,144,46,32,138,144,46,32,133,144,46,32,2
44,32,134,141,48,32,134,141,44,32,134,137,46,32,138,144,46,32,133,144,46,32,133,136,46,32,2
44,32,134,137,44,32,134,137,48,34,128,133,46,32,133,136,46,32,133,136,46,32,127,136,46,32,2
44,32,134,137,48,34,128,133,48,32,134,133,46,32,133,136,46,32,127,136,49,32,127,133,46,32,2
48,34,128,133,48,32,134,133,48,34,123,133,46,32,127,136,49,32,127,133,46,34,127,129,42,34,2
48,32,134,133,48,34,123,133,48,37,118,125,49,32,127,133,46,34,127,129,49,32,127,133,42,32,2
48,34,123,133,48,37,118,125,48,40,118,112,46,34,127,129,49,32,127,133,46,32,122,129,46,32,2
48,40,118,112,51,45,104,100,48,37,123,129,46,32,122,129,49,37,112,118,52,43,104,103,46,34,2
44,32,128,137,44,32,123,129,44,34,128,129,49,37,117,122,43,29,138,140,46,29,127,133,52,45,2
48,34,118,112,51,37,118,112,48,40,113,112,46,34,112,114,46,34,112,111,49,34,112,111,49,34,2
48,34,123,125,48,37,118,125,48,34,123,125,49,34,112,118,52,34,117,122,49,34,122,118,49,37,2
48,34,123,125,48,37,118,121,63,58,109,96,49,34,122,118,49,34,117,122,49,34,117,125,46,37,2
88,107,109,87,88,111,109,92,88,107,113,87,74,79,100,81,86,100,108,85,90,109,108,89,67,70,3
88,111,109,92,88,107,113,87,88,103,104,83,86,100,108,85,90,109,108,89,90,104,112,89,79,95,3
88,103,104,83,88,107,109,87,93,107,113,92,90,104,112,89,86,104,112,85,90,109,117,89,92,108,3
93,107,113,92,93,107,113,87,88,111,118,87,90,109,117,89,90,113,112,92,90,113,112,92,96,112,3
88,111,118,96,93,111,118,96,93,111,118,92,90,109,112,89,90,113,117,92,95,113,117,96,96,112,3
93,111,118,96,93,111,118,92,93,111,118,92,90,113,117,92,95,113,117,96,90,109,117,96,96,112,3
93,111,118,92,93,111,118,92,88,111,118,92,90,109,117,96,90,118,122,96,90,113,117,96,92,108,3
93,111,118,92,88,111,118,92,88,107,113,92,90,118,122,96,90,113,117,96,90,113,122,96,92,112,3
88,107,113,92,93,111,118,87,88,107,109,87,90,113,122,96,90,113,112,92,90,113,112,92,92,108,3
93,111,118,87,88,107,109,87,88,107,109,87,90,113,112,92,90,113,112,92,90,113,112,89,92,103,3
88,107,109,87,88,107,109,87,93,111,113,87,90,113,112,92,90,113,112,89,86,104,104,85,83,99,3
88,107,109,87,93,111,113,87,88,103,113,83,90,113,112,89,86,104,104,85,78,96,92,81,79,95,3
93,111,113,87,88,103,113,83,84,95,100,83,86,104,104,85,78,96,92,81,74,91,96,78,79,84,7
84,95,100,83,79,87,96,75,75,79,89,67,74,91,96,78,74,87,92,74,74,79,84,66,71,77,7
79,87,96,75,75,79,89,67,75,75,74,58,74,87,92,74,74,79,84,66,70,79,80,63,67,77,7
75,75,74,58,63,61,63,42,55,51,50,29,70,79,80,63,63,67,69,52,59,56,62,48,67,70,5
63,61,63,42,55,51,50,29,55,54,57,37,63,67,69,52,59,56,62,48,56,53,66,48,59,57,5
55,54,57,37,59,54,63,42,55,54,63,46,56,53,66,48,59,53,66,44,59,56,62,44,52,51,5
59,54,63,42,55,54,63,46,59,51,67,46,59,53,66,44,59,56,62,44,59,53,62,44,56,51,5
59,51,67,46,59,51,67,50,55,54,67,50,59,53,62,44,59,56,66,44,56,56,73,52,56,51,5
55,54,67,50,55,54,60,46,55,54,67,50,56,56,73,52,59,56,76,55,59,49,69,48,56,51,5
55,54,60,46,55,54,67,50,55,58,70,54,59,56,76,55,59,49,69,48,59,53,66,44,56,51,5
55,54,67,50,55,58,70,54,63,68,77,62,59,49,69,48,59,53,66,44,56,53,66,48,59,54,5
55,58,70,54,63,68,77,62,67,72,74,58,59,53,66,44,56,53,66,48,59,56,73,55,59,51,5
67,72,74,58,63,68,70,58,67,75,74,62,59,56,73,55,66,67,80,63,63,71,73,59,59,57,7
67,75,74,62,71,79,85,67,71,87,96,75,63,71,73,59,63,67,73,59,66,75,80,63,63,66,7
71,87,96,75,75,91,96,79,75,83,89,71,66,75,80,63,70,79,84,70,70,79,84,66,63,70,7
75,91,96,79,75,83,89,71,71,79,85,67,70,79,84,70,70,79,84,66,70,71,73,63,67,73,7
71,79,85,67,71,75,85,67,71,75,74,62,70,71,73,63,63,67,69,59,59,63,66,55,63,63,7
71,75,85,67,71,75,74,62,67,72,70,58,63,67,69,59,59,63,66,55,59,63,73,59,63,60,7
71,75,74,62,67,72,70,58,67,72,74,58,59,63,66,55,59,63,73,59,63,67,73,55,59,63,7
63,68,74,58,63,68,74,58,67,72,74,62,63,67,69,55,66,75,76,63,66,71,73,59,59,60,7
95,109,112,89,95,109,117,85,90,113,117,92,96,112,114,90,92,112,114,94,92,117,119,98,97,115,3
95,113,117,92,95,118,117,96,95,118,122,96,96,117,130,94,92,112,124,94,92,112,114,98,93,115,3
95,118,117,96,95,118,122,96,99,118,117,92,92,112,124,94,92,112,114,98,92,108,114,90,93,106,3
95,118,122,96,99,118,117,92,95,113,117,96,92,112,114,98,92,108,114,90,92,99,105,86,89,102,3
95,113,117,96,86,104,108,89,82,96,104,78,92,99,105,86,83,99,101,75,79,91,97,75,82,88,3
86,104,108,89,82,96,104,78,82,96,104,81,83,99,101,75,79,91,97,75,83,91,97,79,78,92,4
82,96,104,78,82,96,104,81,82,96,100,81,79,91,97,75,83,91,97,79,83,91,101,79,78,92,4
82,96,100,81,82,91,92,78,78,83,96,74,83,91,101,79,79,95,93,75,79,95,93,75,78,88,4
82,91,92,78,78,83,96,74,63,56,108,103,79,95,93,75,79,95,93,75,71,77,93,79,78,92,4
78,83,96,74,63,56,108,103,46,34,127,144,79,95,93,75,71,77,93,79,56,42,114,120,78,88,2
63,56,108,103,46,34,127,144,43,32,133,144,71,77,93,79,56,42,114,120,42,32,130,146,78,88,2
46,34,127,144,43,32,133,144,43,32,138,144,56,42,114,120,42,32,130,146,42,34,130,142,63,63,2
43,32,133,144,43,32,138,144,46,32,138,144,42,32,130,146,42,34,130,142,46,32,130,142,47,37,2
43,32,138,144,46,32,138,144,46,32,138,144,42,34,130,142,46,32,130,142,46,32,135,142,44,34,2
46,32,138,144,46,32,133,144,46,32,133,136,46,32,135,142,46,32,130,142,46,32,124,139,44,31,2
46,32,133,136,46,32,133,136,46,32,127,136,46,32,124,139,46,32,124,139,42,34,124,135,44,34,2
46,32,133,136,46,32,127,136,49,32,127,133,46,32,124,139,42,34,124,135,42,32,124,135,44,34,2
46,34,127,129,49,32,127,133,46,32,122,129,46,32,119,135,46,32,119,131,46,34,119,127,44,34,2
49,32,127,133,46,32,122,129,49,37,112,118,46,32,119,131,46,34,119,127,49,34,114,124,44,34,2
46,32,122,129,49,37,112,118,52,43,104,103,46,34,119,127,49,34,114,124,49,40,105,116,44,37,2
49,37,112,118,52,43,104,103,49,37,117,122,49,34,114,124,49,40,105,116,52,45,105,105,44,34,2
49,37,117,122,43,29,138,140,46,29,127,133,52,45,105,105,46,32,124,135,42,32,130,139,44,43,2
43,29,138,140,46,29,127,133,46,29,122,125,46,32,124,135,42,32,130,139,42,32,119,127,50,43,2
46,29,127,133,46,29,122,125,46,32,112,118,42,32,130,139,42,32,119,127,42,34,110,120,44,31,2
46,29,122,125,46,32,112,118,46,34,112,118,42,32,119,127,42,34,110,120,46,34,110,116,44,31,2
46,32,112,118,46,34,112,118,46,34,112,114,42,34,110,120,46,34,110,116,49,34,110,116,44,31,2
46,34,112,114,46,34,112,111,49,34,112,111,49,34,110,116,49,37,114,116,52,40,110,113,47,37,2
46,34,112,111,49,34,112,111,46,37,117,114,49,37,114,116,52,40,110,113,49,37,105,113,47,37,2
46,37,117,114,49,34,112,118,52,34,117,122,49,37,105,113,49,37,110,116,49,37,110,116,44,37,2
52,34,117,122,49,34,122,118,49,34,117,122,49,37,110,116,46,37,114,116,46,37,114,116,47,40,2
49,34,117,122,49,34,117,125,52,49,112,107,46,37,114,116,46,37,110,113,52,45,110,109,53,46,2
49,34,117,125,52,49,112,107,74,79,100,81,46,37,110,113,52,45,110,109,67,70,101,83,60,63,2
74,79,100,81,86,100,108,85,90,109,108,89,67,70,101,83,79,95,97,75,92,108,110,90,78,92,3
90,104,112,89,86,104,112,85,90,109,117,89,92,108,110,90,96,108,114,94,96,112,114,90,93,111,3
90,109,117,89,90,113,112,92,90,113,112,92,96,112,114,90,96,112,119,90,92,108,119,90,97,111,3
90,113,112,92,90,109,112,89,90,113,117,92,92,108,119,90,96,112,119,90,96,112,119,94,93,115,3
90,113,117,92,95,113,117,96,90,109,117,96,96,112,119,94,96,117,114,94,92,108,114,94,97,115,3
90,109,117,96,90,118,122,96,90,113,117,96,92,108,114,94,92,112,114,90,92,108,114,90,93,111,3
90,118,122,96,90,113,117,96,90,113,122,96,92,112,114,90,92,108,114,90,92,108,119,90,89,106,3
90,113,117,96,90,113,122,96,90,113,112,92,92,108,114,90,92,108,119,90,92,103,105,83,85,106,3
90,113,122,96,90,113,112,92,90,113,112,92,92,108,119,90,92,103,105,83,83,99,101,83,85,97,3
90,113,112,92,90,113,112,92,90,113,112,89,92,103,105,83,83,99,101,83,79,95,101,75,82,92,3
90,113,112,92,90,113,112,89,86,104,104,85,83,99,101,83,79,95,101,75,79,84,86,68,78,88,7
90,113,112,89,86,104,104,85,78,96,92,81,79,95,101,75,79,84,86,68,71,73,79,64,78,84,7
86,104,104,85,78,96,92,81,74,91,96,78,79,84,86,68,71,73,79,64,71,77,82,68,70,79,7
78,96,92,81,74,91,96,78,74,87,92,74,71,73,79,64,71,77,82,68,67,77,86,68,70,71,7
74,87,92,74,74,79,84,66,70,79,80,63,67,77,86,68,67,77,75,64,67,70,68,57,60,67,5
74,79,84,66,70,79,80,63,63,67,69,52,67,77,75,64,67,70,68,57,59,57,55,42,57,63,5
63,67,69,52,59,56,62,48,56,53,66,48,59,57,55,42,52,51,58,42,52,51,72,57,57,56,5
59,53,66,44,59,56,62,44,59,53,62,44,56,51,68,53,56,54,72,49,56,51,62,45,53,53,5
59,56,62,44,59,53,62,44,59,56,66,44,56,54,72,49,56,51,62,45,56,54,65,45,53,53,5
59,53,62,44,59,56,66,44,56,56,73,52,56,51,62,45,56,54,65,45,56,51,65,49,53,53,5
56,56,73,52,59,56,76,55,59,49,69,48,56,51,65,49,56,51,72,60,59,54,72,60,53,56,5
59,53,66,44,56,53,66,48,59,56,73,55,59,51,65,45,59,54,62,45,59,57,65,49,57,60,5
59,56,73,55,66,67,80,63,63,71,73,59,59,57,65,49,59,60,72,57,63,66,79,64,57,56,7
63,67,73,59,66,75,80,63,70,79,84,70,63,66,72,60,63,70,75,64,67,73,79,64,57,60,7
70,79,84,70,70,79,84,66,70,71,73,63,67,73,79,64,63,66,75,60,63,63,72,57,63,60,7
59,63,73,59,63,67,73,55,63,67,69,55,63,63,72,57,63,63,68,53,59,60,65,53,53,53,7
63,67,73,55,63,67,69,55,66,75,76,63,63,63,68,53,59,60,65,53,59,66,72,57,60,60,7
63,67,69,55,66,75,76,63,66,71,73,59,59,60,65,53,59,66,72,57,63,73,75,64,57,60,7
101,112,124,94,96,112,114,90,92,112,114,94,93,111,114,94,97,115,119,94,97,115,124,94,88,111,3
96,112,114,90,92,112,114,94,92,117,119,98,97,115,119,94,97,115,124,94,97,115,119,94,92,115,3
92,112,114,94,92,117,119,98,96,117,130,94,97,115,124,94,97,115,119,94,93,115,114,90,92,115,3
92,99,105,86,83,99,101,75,79,91,97,75,82,88,89,73,78,92,93,80,78,92,101,76,76,89,4
83,91,97,79,83,91,101,79,79,95,93,75,82,92,101,80,78,88,93,76,78,92,93,76,84,94,4
79,95,93,75,79,95,93,75,71,77,93,79,78,92,93,76,78,88,97,80,78,88,93,76,76,85,4
79,95,93,75,71,77,93,79,56,42,114,120,78,88,97,80,78,88,93,76,63,63,101,90,76,85,2
71,77,93,79,56,42,114,120,42,32,130,146,78,88,93,76,63,63,101,90,47,37,119,133,80,89,2
56,42,114,120,42,32,130,146,42,34,130,142,63,63,101,90,47,37,119,133,44,34,124,143,72,81,2
42,32,130,146,42,34,130,142,46,32,130,142,47,37,119,133,44,34,124,143,44,34,129,143,57,49,2
42,34,130,142,46,32,130,142,46,32,135,142,44,34,124,143,44,34,129,143,44,31,124,143,47,31,2
46,32,130,142,46,32,135,142,46,32,130,142,44,34,129,143,44,31,124,143,44,34,119,140,44,31,2
